state,year_month,pledges
Johor,2009-01-01,0
Johor,2009-02-01,0
Johor,2009-03-01,0
Johor,2009-04-01,1
Johor,2009-05-01,1
Johor,2009-06-01,0
Johor,2009-07-01,3
Johor,2009-08-01,26
Johor,2009-09-01,0
Johor,2009-10-01,8
Johor,2009-11-01,60
Johor,2009-12-01,103
Johor,2010-01-01,176
Johor,2010-02-01,143
Johor,2010-03-01,127
Johor,2010-04-01,68
Johor,2010-05-01,40
Johor,2010-06-01,17
Johor,2010-07-01,139
Johor,2010-08-01,494
Johor,2010-09-01,146
Johor,2010-10-01,124
Johor,2010-11-01,437
Johor,2010-12-01,288
Johor,2011-01-01,475
Johor,2011-02-01,334
Johor,2011-03-01,1299
Johor,2011-04-01,931
Johor,2011-05-01,491
Johor,2011-06-01,159
Johor,2011-07-01,227
Johor,2011-08-01,161
Johor,2011-09-01,252
Johor,2011-10-01,382
Johor,2011-11-01,300
Johor,2011-12-01,272
Johor,2012-01-01,261
Johor,2012-02-01,460
Johor,2012-03-01,447
Johor,2012-04-01,408
Johor,2012-05-01,222
Johor,2012-06-01,316
Johor,2012-07-01,536
Johor,2012-08-01,212
Johor,2012-09-01,531
Johor,2012-10-01,457
Johor,2012-11-01,570
Johor,2012-12-01,383
Johor,2013-01-01,473
Johor,2013-02-01,315
Johor,2013-03-01,418
Johor,2013-04-01,283
Johor,2013-05-01,303
Johor,2013-06-01,362
Johor,2013-07-01,275
Johor,2013-08-01,165
Johor,2013-09-01,310
Johor,2013-10-01,624
Johor,2013-11-01,318
Johor,2013-12-01,225
Johor,2014-01-01,234
Johor,2014-02-01,255
Johor,2014-03-01,287
Johor,2014-04-01,306
Johor,2014-05-01,308
Johor,2014-06-01,285
Johor,2014-07-01,167
Johor,2014-08-01,316
Johor,2014-09-01,445
Johor,2014-10-01,773
Johor,2014-11-01,374
Johor,2014-12-01,413
Johor,2015-01-01,335
Johor,2015-02-01,699
Johor,2015-03-01,468
Johor,2015-04-01,420
Johor,2015-05-01,544
Johor,2015-06-01,319
Johor,2015-07-01,405
Johor,2015-08-01,176
Johor,2015-09-01,616
Johor,2015-10-01,1369
Johor,2015-11-01,291
Johor,2015-12-01,338
Johor,2016-01-01,746
Johor,2016-02-01,190
Johor,2016-03-01,343
Johor,2016-04-01,251
Johor,2016-05-01,329
Johor,2016-06-01,246
Johor,2016-07-01,154
Johor,2016-08-01,263
Johor,2016-09-01,403
Johor,2016-10-01,1136
Johor,2016-11-01,195
Johor,2016-12-01,141
Johor,2017-01-01,165
Johor,2017-02-01,358
Johor,2017-03-01,261
Johor,2017-04-01,285
Johor,2017-05-01,191
Johor,2017-06-01,152
Johor,2017-07-01,259
Johor,2017-08-01,440
Johor,2017-09-01,330
Johor,2017-10-01,1123
Johor,2017-11-01,459
Johor,2017-12-01,246
Johor,2018-01-01,548
Johor,2018-02-01,403
Johor,2018-03-01,249
Johor,2018-04-01,282
Johor,2018-05-01,184
Johor,2018-06-01,181
Johor,2018-07-01,311
Johor,2018-08-01,180
Johor,2018-09-01,100
Johor,2018-10-01,211
Johor,2018-11-01,295
Johor,2018-12-01,130
Johor,2019-01-01,479
Johor,2019-02-01,529
Johor,2019-03-01,261
Johor,2019-04-01,274
Johor,2019-05-01,177
Johor,2019-06-01,65
Johor,2019-07-01,250
Johor,2019-08-01,300
Johor,2019-09-01,235
Johor,2019-10-01,198
Johor,2019-11-01,228
Johor,2019-12-01,41
Johor,2020-01-01,184
Johor,2020-02-01,213
Johor,2020-03-01,238
Johor,2020-04-01,4
Johor,2020-05-01,19
Johor,2020-06-01,45
Johor,2020-07-01,54
Johor,2020-08-01,65
Johor,2020-09-01,78
Johor,2020-10-01,71
Johor,2020-11-01,52
Johor,2020-12-01,25
Johor,2021-01-01,9
Johor,2021-02-01,3
Johor,2021-03-01,15
Johor,2021-04-01,12
Johor,2021-05-01,88
Johor,2021-06-01,85
Johor,2021-07-01,68
Johor,2021-08-01,163
Johor,2021-09-01,149
Johor,2021-10-01,125
Johor,2021-11-01,170
Johor,2021-12-01,189
Johor,2022-01-01,505
Johor,2022-02-01,314
Johor,2022-03-01,511
Johor,2022-04-01,213
Johor,2022-05-01,190
Johor,2022-06-01,235
Johor,2022-07-01,197
Johor,2022-08-01,219
Johor,2022-09-01,1412
Johor,2022-10-01,1467
Johor,2022-11-01,703
Johor,2022-12-01,416
Johor,2023-01-01,509
Johor,2023-02-01,245
Johor,2023-03-01,323
Johor,2023-04-01,519
Johor,2023-05-01,339
Johor,2023-06-01,284
Johor,2023-07-01,190
Johor,2023-08-01,222
Johor,2023-09-01,292
Johor,2023-10-01,177
Johor,2023-11-01,185
Johor,2023-12-01,315
Johor,2024-01-01,199
Johor,2024-02-01,114
Johor,2024-03-01,173
Johor,2024-04-01,132
Johor,2024-05-01,223
Johor,2024-06-01,259
Johor,2024-07-01,145
Johor,2024-08-01,205
Johor,2024-09-01,131
Johor,2024-10-01,29
Kedah,2009-01-01,0
Kedah,2009-02-01,0
Kedah,2009-03-01,0
Kedah,2009-04-01,0
Kedah,2009-05-01,0
Kedah,2009-06-01,0
Kedah,2009-07-01,0
Kedah,2009-08-01,0
Kedah,2009-09-01,0
Kedah,2009-10-01,2
Kedah,2009-11-01,0
Kedah,2009-12-01,6
Kedah,2010-01-01,19
Kedah,2010-02-01,30
Kedah,2010-03-01,26
Kedah,2010-04-01,5
Kedah,2010-05-01,16
Kedah,2010-06-01,5
Kedah,2010-07-01,15
Kedah,2010-08-01,67
Kedah,2010-09-01,17
Kedah,2010-10-01,19
Kedah,2010-11-01,30
Kedah,2010-12-01,51
Kedah,2011-01-01,191
Kedah,2011-02-01,52
Kedah,2011-03-01,118
Kedah,2011-04-01,127
Kedah,2011-05-01,74
Kedah,2011-06-01,58
Kedah,2011-07-01,41
Kedah,2011-08-01,16
Kedah,2011-09-01,45
Kedah,2011-10-01,135
Kedah,2011-11-01,54
Kedah,2011-12-01,48
Kedah,2012-01-01,40
Kedah,2012-02-01,88
Kedah,2012-03-01,121
Kedah,2012-04-01,112
Kedah,2012-05-01,109
Kedah,2012-06-01,98
Kedah,2012-07-01,89
Kedah,2012-08-01,61
Kedah,2012-09-01,147
Kedah,2012-10-01,242
Kedah,2012-11-01,133
Kedah,2012-12-01,135
Kedah,2013-01-01,94
Kedah,2013-02-01,110
Kedah,2013-03-01,152
Kedah,2013-04-01,141
Kedah,2013-05-01,89
Kedah,2013-06-01,141
Kedah,2013-07-01,95
Kedah,2013-08-01,35
Kedah,2013-09-01,92
Kedah,2013-10-01,167
Kedah,2013-11-01,136
Kedah,2013-12-01,66
Kedah,2014-01-01,80
Kedah,2014-02-01,105
Kedah,2014-03-01,233
Kedah,2014-04-01,129
Kedah,2014-05-01,131
Kedah,2014-06-01,123
Kedah,2014-07-01,102
Kedah,2014-08-01,130
Kedah,2014-09-01,203
Kedah,2014-10-01,358
Kedah,2014-11-01,232
Kedah,2014-12-01,109
Kedah,2015-01-01,74
Kedah,2015-02-01,187
Kedah,2015-03-01,207
Kedah,2015-04-01,314
Kedah,2015-05-01,186
Kedah,2015-06-01,186
Kedah,2015-07-01,128
Kedah,2015-08-01,204
Kedah,2015-09-01,184
Kedah,2015-10-01,868
Kedah,2015-11-01,180
Kedah,2015-12-01,184
Kedah,2016-01-01,149
Kedah,2016-02-01,117
Kedah,2016-03-01,129
Kedah,2016-04-01,136
Kedah,2016-05-01,199
Kedah,2016-06-01,90
Kedah,2016-07-01,51
Kedah,2016-08-01,85
Kedah,2016-09-01,49
Kedah,2016-10-01,248
Kedah,2016-11-01,138
Kedah,2016-12-01,82
Kedah,2017-01-01,61
Kedah,2017-02-01,53
Kedah,2017-03-01,129
Kedah,2017-04-01,74
Kedah,2017-05-01,73
Kedah,2017-06-01,23
Kedah,2017-07-01,37
Kedah,2017-08-01,104
Kedah,2017-09-01,66
Kedah,2017-10-01,260
Kedah,2017-11-01,124
Kedah,2017-12-01,59
Kedah,2018-01-01,149
Kedah,2018-02-01,49
Kedah,2018-03-01,92
Kedah,2018-04-01,109
Kedah,2018-05-01,50
Kedah,2018-06-01,133
Kedah,2018-07-01,83
Kedah,2018-08-01,57
Kedah,2018-09-01,62
Kedah,2018-10-01,384
Kedah,2018-11-01,53
Kedah,2018-12-01,31
Kedah,2019-01-01,77
Kedah,2019-02-01,79
Kedah,2019-03-01,49
Kedah,2019-04-01,137
Kedah,2019-05-01,24
Kedah,2019-06-01,49
Kedah,2019-07-01,43
Kedah,2019-08-01,75
Kedah,2019-09-01,77
Kedah,2019-10-01,82
Kedah,2019-11-01,46
Kedah,2019-12-01,21
Kedah,2020-01-01,141
Kedah,2020-02-01,30
Kedah,2020-03-01,2
Kedah,2020-04-01,0
Kedah,2020-05-01,5
Kedah,2020-06-01,2
Kedah,2020-07-01,2
Kedah,2020-08-01,3
Kedah,2020-09-01,8
Kedah,2020-10-01,6
Kedah,2020-11-01,5
Kedah,2020-12-01,3
Kedah,2021-01-01,5
Kedah,2021-02-01,1
Kedah,2021-03-01,7
Kedah,2021-04-01,2
Kedah,2021-05-01,13
Kedah,2021-06-01,15
Kedah,2021-07-01,24
Kedah,2021-08-01,59
Kedah,2021-09-01,55
Kedah,2021-10-01,51
Kedah,2021-11-01,21
Kedah,2021-12-01,53
Kedah,2022-01-01,84
Kedah,2022-02-01,94
Kedah,2022-03-01,402
Kedah,2022-04-01,62
Kedah,2022-05-01,70
Kedah,2022-06-01,90
Kedah,2022-07-01,56
Kedah,2022-08-01,250
Kedah,2022-09-01,413
Kedah,2022-10-01,559
Kedah,2022-11-01,290
Kedah,2022-12-01,166
Kedah,2023-01-01,189
Kedah,2023-02-01,115
Kedah,2023-03-01,113
Kedah,2023-04-01,152
Kedah,2023-05-01,105
Kedah,2023-06-01,143
Kedah,2023-07-01,77
Kedah,2023-08-01,76
Kedah,2023-09-01,101
Kedah,2023-10-01,84
Kedah,2023-11-01,65
Kedah,2023-12-01,131
Kedah,2024-01-01,72
Kedah,2024-02-01,46
Kedah,2024-03-01,57
Kedah,2024-04-01,59
Kedah,2024-05-01,61
Kedah,2024-06-01,82
Kedah,2024-07-01,60
Kedah,2024-08-01,73
Kedah,2024-09-01,43
Kedah,2024-10-01,6
Kelantan,2009-01-01,0
Kelantan,2009-02-01,0
Kelantan,2009-03-01,0
Kelantan,2009-04-01,0
Kelantan,2009-05-01,0
Kelantan,2009-06-01,0
Kelantan,2009-07-01,0
Kelantan,2009-08-01,1
Kelantan,2009-09-01,0
Kelantan,2009-10-01,0
Kelantan,2009-11-01,4
Kelantan,2009-12-01,1
Kelantan,2010-01-01,8
Kelantan,2010-02-01,3
Kelantan,2010-03-01,17
Kelantan,2010-04-01,0
Kelantan,2010-05-01,0
Kelantan,2010-06-01,0
Kelantan,2010-07-01,6
Kelantan,2010-08-01,58
Kelantan,2010-09-01,8
Kelantan,2010-10-01,43
Kelantan,2010-11-01,16
Kelantan,2010-12-01,11
Kelantan,2011-01-01,29
Kelantan,2011-02-01,21
Kelantan,2011-03-01,58
Kelantan,2011-04-01,62
Kelantan,2011-05-01,11
Kelantan,2011-06-01,14
Kelantan,2011-07-01,14
Kelantan,2011-08-01,8
Kelantan,2011-09-01,11
Kelantan,2011-10-01,31
Kelantan,2011-11-01,17
Kelantan,2011-12-01,18
Kelantan,2012-01-01,9
Kelantan,2012-02-01,19
Kelantan,2012-03-01,52
Kelantan,2012-04-01,11
Kelantan,2012-05-01,74
Kelantan,2012-06-01,22
Kelantan,2012-07-01,17
Kelantan,2012-08-01,7
Kelantan,2012-09-01,46
Kelantan,2012-10-01,48
Kelantan,2012-11-01,45
Kelantan,2012-12-01,34
Kelantan,2013-01-01,24
Kelantan,2013-02-01,48
Kelantan,2013-03-01,39
Kelantan,2013-04-01,22
Kelantan,2013-05-01,38
Kelantan,2013-06-01,26
Kelantan,2013-07-01,9
Kelantan,2013-08-01,13
Kelantan,2013-09-01,12
Kelantan,2013-10-01,35
Kelantan,2013-11-01,35
Kelantan,2013-12-01,10
Kelantan,2014-01-01,15
Kelantan,2014-02-01,18
Kelantan,2014-03-01,87
Kelantan,2014-04-01,50
Kelantan,2014-05-01,52
Kelantan,2014-06-01,44
Kelantan,2014-07-01,20
Kelantan,2014-08-01,20
Kelantan,2014-09-01,33
Kelantan,2014-10-01,211
Kelantan,2014-11-01,51
Kelantan,2014-12-01,33
Kelantan,2015-01-01,70
Kelantan,2015-02-01,36
Kelantan,2015-03-01,88
Kelantan,2015-04-01,82
Kelantan,2015-05-01,73
Kelantan,2015-06-01,103
Kelantan,2015-07-01,28
Kelantan,2015-08-01,67
Kelantan,2015-09-01,80
Kelantan,2015-10-01,308
Kelantan,2015-11-01,76
Kelantan,2015-12-01,83
Kelantan,2016-01-01,53
Kelantan,2016-02-01,57
Kelantan,2016-03-01,56
Kelantan,2016-04-01,82
Kelantan,2016-05-01,86
Kelantan,2016-06-01,15
Kelantan,2016-07-01,22
Kelantan,2016-08-01,14
Kelantan,2016-09-01,37
Kelantan,2016-10-01,242
Kelantan,2016-11-01,59
Kelantan,2016-12-01,16
Kelantan,2017-01-01,19
Kelantan,2017-02-01,60
Kelantan,2017-03-01,67
Kelantan,2017-04-01,33
Kelantan,2017-05-01,40
Kelantan,2017-06-01,7
Kelantan,2017-07-01,13
Kelantan,2017-08-01,88
Kelantan,2017-09-01,87
Kelantan,2017-10-01,576
Kelantan,2017-11-01,230
Kelantan,2017-12-01,234
Kelantan,2018-01-01,35
Kelantan,2018-02-01,16
Kelantan,2018-03-01,25
Kelantan,2018-04-01,31
Kelantan,2018-05-01,11
Kelantan,2018-06-01,24
Kelantan,2018-07-01,8
Kelantan,2018-08-01,14
Kelantan,2018-09-01,2
Kelantan,2018-10-01,44
Kelantan,2018-11-01,8
Kelantan,2018-12-01,5
Kelantan,2019-01-01,17
Kelantan,2019-02-01,89
Kelantan,2019-03-01,51
Kelantan,2019-04-01,45
Kelantan,2019-05-01,13
Kelantan,2019-06-01,1
Kelantan,2019-07-01,9
Kelantan,2019-08-01,10
Kelantan,2019-09-01,25
Kelantan,2019-10-01,16
Kelantan,2019-11-01,15
Kelantan,2019-12-01,5
Kelantan,2020-01-01,12
Kelantan,2020-02-01,8
Kelantan,2020-03-01,2
Kelantan,2020-04-01,0
Kelantan,2020-05-01,3
Kelantan,2020-06-01,2
Kelantan,2020-07-01,0
Kelantan,2020-08-01,0
Kelantan,2020-09-01,8
Kelantan,2020-10-01,3
Kelantan,2020-11-01,1
Kelantan,2020-12-01,0
Kelantan,2021-01-01,2
Kelantan,2021-02-01,1
Kelantan,2021-03-01,2
Kelantan,2021-04-01,1
Kelantan,2021-05-01,5
Kelantan,2021-06-01,2
Kelantan,2021-07-01,3
Kelantan,2021-08-01,38
Kelantan,2021-09-01,13
Kelantan,2021-10-01,26
Kelantan,2021-11-01,18
Kelantan,2021-12-01,22
Kelantan,2022-01-01,32
Kelantan,2022-02-01,45
Kelantan,2022-03-01,93
Kelantan,2022-04-01,37
Kelantan,2022-05-01,28
Kelantan,2022-06-01,71
Kelantan,2022-07-01,19
Kelantan,2022-08-01,87
Kelantan,2022-09-01,138
Kelantan,2022-10-01,236
Kelantan,2022-11-01,95
Kelantan,2022-12-01,88
Kelantan,2023-01-01,62
Kelantan,2023-02-01,36
Kelantan,2023-03-01,53
Kelantan,2023-04-01,40
Kelantan,2023-05-01,37
Kelantan,2023-06-01,54
Kelantan,2023-07-01,43
Kelantan,2023-08-01,46
Kelantan,2023-09-01,101
Kelantan,2023-10-01,88
Kelantan,2023-11-01,44
Kelantan,2023-12-01,85
Kelantan,2024-01-01,44
Kelantan,2024-02-01,26
Kelantan,2024-03-01,19
Kelantan,2024-04-01,36
Kelantan,2024-05-01,54
Kelantan,2024-06-01,31
Kelantan,2024-07-01,52
Kelantan,2024-08-01,101
Kelantan,2024-09-01,107
Kelantan,2024-10-01,9
Melaka,2009-01-01,0
Melaka,2009-02-01,0
Melaka,2009-03-01,0
Melaka,2009-04-01,0
Melaka,2009-05-01,0
Melaka,2009-06-01,0
Melaka,2009-07-01,0
Melaka,2009-08-01,3
Melaka,2009-09-01,0
Melaka,2009-10-01,1
Melaka,2009-11-01,2
Melaka,2009-12-01,6
Melaka,2010-01-01,34
Melaka,2010-02-01,19
Melaka,2010-03-01,12
Melaka,2010-04-01,16
Melaka,2010-05-01,12
Melaka,2010-06-01,41
Melaka,2010-07-01,46
Melaka,2010-08-01,41
Melaka,2010-09-01,14
Melaka,2010-10-01,79
Melaka,2010-11-01,21
Melaka,2010-12-01,23
Melaka,2011-01-01,48
Melaka,2011-02-01,133
Melaka,2011-03-01,75
Melaka,2011-04-01,143
Melaka,2011-05-01,48
Melaka,2011-06-01,25
Melaka,2011-07-01,35
Melaka,2011-08-01,18
Melaka,2011-09-01,67
Melaka,2011-10-01,74
Melaka,2011-11-01,33
Melaka,2011-12-01,20
Melaka,2012-01-01,18
Melaka,2012-02-01,33
Melaka,2012-03-01,118
Melaka,2012-04-01,47
Melaka,2012-05-01,25
Melaka,2012-06-01,16
Melaka,2012-07-01,41
Melaka,2012-08-01,19
Melaka,2012-09-01,70
Melaka,2012-10-01,60
Melaka,2012-11-01,54
Melaka,2012-12-01,38
Melaka,2013-01-01,27
Melaka,2013-02-01,39
Melaka,2013-03-01,41
Melaka,2013-04-01,26
Melaka,2013-05-01,27
Melaka,2013-06-01,30
Melaka,2013-07-01,35
Melaka,2013-08-01,16
Melaka,2013-09-01,30
Melaka,2013-10-01,44
Melaka,2013-11-01,105
Melaka,2013-12-01,27
Melaka,2014-01-01,40
Melaka,2014-02-01,21
Melaka,2014-03-01,56
Melaka,2014-04-01,54
Melaka,2014-05-01,40
Melaka,2014-06-01,30
Melaka,2014-07-01,36
Melaka,2014-08-01,38
Melaka,2014-09-01,48
Melaka,2014-10-01,127
Melaka,2014-11-01,80
Melaka,2014-12-01,64
Melaka,2015-01-01,30
Melaka,2015-02-01,37
Melaka,2015-03-01,67
Melaka,2015-04-01,112
Melaka,2015-05-01,172
Melaka,2015-06-01,116
Melaka,2015-07-01,82
Melaka,2015-08-01,122
Melaka,2015-09-01,114
Melaka,2015-10-01,244
Melaka,2015-11-01,138
Melaka,2015-12-01,129
Melaka,2016-01-01,264
Melaka,2016-02-01,72
Melaka,2016-03-01,193
Melaka,2016-04-01,115
Melaka,2016-05-01,55
Melaka,2016-06-01,28
Melaka,2016-07-01,15
Melaka,2016-08-01,112
Melaka,2016-09-01,59
Melaka,2016-10-01,180
Melaka,2016-11-01,68
Melaka,2016-12-01,80
Melaka,2017-01-01,25
Melaka,2017-02-01,37
Melaka,2017-03-01,36
Melaka,2017-04-01,29
Melaka,2017-05-01,38
Melaka,2017-06-01,42
Melaka,2017-07-01,27
Melaka,2017-08-01,31
Melaka,2017-09-01,35
Melaka,2017-10-01,115
Melaka,2017-11-01,262
Melaka,2017-12-01,162
Melaka,2018-01-01,50
Melaka,2018-02-01,28
Melaka,2018-03-01,24
Melaka,2018-04-01,35
Melaka,2018-05-01,20
Melaka,2018-06-01,41
Melaka,2018-07-01,32
Melaka,2018-08-01,29
Melaka,2018-09-01,9
Melaka,2018-10-01,37
Melaka,2018-11-01,22
Melaka,2018-12-01,12
Melaka,2019-01-01,43
Melaka,2019-02-01,58
Melaka,2019-03-01,32
Melaka,2019-04-01,43
Melaka,2019-05-01,29
Melaka,2019-06-01,20
Melaka,2019-07-01,10
Melaka,2019-08-01,12
Melaka,2019-09-01,17
Melaka,2019-10-01,31
Melaka,2019-11-01,14
Melaka,2019-12-01,2
Melaka,2020-01-01,13
Melaka,2020-02-01,11
Melaka,2020-03-01,7
Melaka,2020-04-01,2
Melaka,2020-05-01,5
Melaka,2020-06-01,0
Melaka,2020-07-01,2
Melaka,2020-08-01,1
Melaka,2020-09-01,11
Melaka,2020-10-01,9
Melaka,2020-11-01,2
Melaka,2020-12-01,3
Melaka,2021-01-01,5
Melaka,2021-02-01,1
Melaka,2021-03-01,5
Melaka,2021-04-01,8
Melaka,2021-05-01,12
Melaka,2021-06-01,11
Melaka,2021-07-01,16
Melaka,2021-08-01,31
Melaka,2021-09-01,37
Melaka,2021-10-01,22
Melaka,2021-11-01,73
Melaka,2021-12-01,37
Melaka,2022-01-01,37
Melaka,2022-02-01,70
Melaka,2022-03-01,200
Melaka,2022-04-01,65
Melaka,2022-05-01,45
Melaka,2022-06-01,75
Melaka,2022-07-01,35
Melaka,2022-08-01,50
Melaka,2022-09-01,307
Melaka,2022-10-01,419
Melaka,2022-11-01,225
Melaka,2022-12-01,140
Melaka,2023-01-01,154
Melaka,2023-02-01,73
Melaka,2023-03-01,84
Melaka,2023-04-01,123
Melaka,2023-05-01,90
Melaka,2023-06-01,107
Melaka,2023-07-01,84
Melaka,2023-08-01,110
Melaka,2023-09-01,88
Melaka,2023-10-01,64
Melaka,2023-11-01,50
Melaka,2023-12-01,88
Melaka,2024-01-01,43
Melaka,2024-02-01,46
Melaka,2024-03-01,44
Melaka,2024-04-01,30
Melaka,2024-05-01,48
Melaka,2024-06-01,52
Melaka,2024-07-01,77
Melaka,2024-08-01,87
Melaka,2024-09-01,27
Melaka,2024-10-01,6
Negeri Sembilan,2009-01-01,0
Negeri Sembilan,2009-02-01,0
Negeri Sembilan,2009-03-01,2
Negeri Sembilan,2009-04-01,0
Negeri Sembilan,2009-05-01,0
Negeri Sembilan,2009-06-01,1
Negeri Sembilan,2009-07-01,3
Negeri Sembilan,2009-08-01,0
Negeri Sembilan,2009-09-01,0
Negeri Sembilan,2009-10-01,34
Negeri Sembilan,2009-11-01,1
Negeri Sembilan,2009-12-01,4
Negeri Sembilan,2010-01-01,30
Negeri Sembilan,2010-02-01,16
Negeri Sembilan,2010-03-01,14
Negeri Sembilan,2010-04-01,26
Negeri Sembilan,2010-05-01,21
Negeri Sembilan,2010-06-01,4
Negeri Sembilan,2010-07-01,51
Negeri Sembilan,2010-08-01,44
Negeri Sembilan,2010-09-01,36
Negeri Sembilan,2010-10-01,53
Negeri Sembilan,2010-11-01,34
Negeri Sembilan,2010-12-01,73
Negeri Sembilan,2011-01-01,107
Negeri Sembilan,2011-02-01,90
Negeri Sembilan,2011-03-01,181
Negeri Sembilan,2011-04-01,188
Negeri Sembilan,2011-05-01,129
Negeri Sembilan,2011-06-01,133
Negeri Sembilan,2011-07-01,144
Negeri Sembilan,2011-08-01,33
Negeri Sembilan,2011-09-01,51
Negeri Sembilan,2011-10-01,133
Negeri Sembilan,2011-11-01,49
Negeri Sembilan,2011-12-01,47
Negeri Sembilan,2012-01-01,38
Negeri Sembilan,2012-02-01,86
Negeri Sembilan,2012-03-01,106
Negeri Sembilan,2012-04-01,105
Negeri Sembilan,2012-05-01,84
Negeri Sembilan,2012-06-01,49
Negeri Sembilan,2012-07-01,96
Negeri Sembilan,2012-08-01,41
Negeri Sembilan,2012-09-01,153
Negeri Sembilan,2012-10-01,137
Negeri Sembilan,2012-11-01,109
Negeri Sembilan,2012-12-01,69
Negeri Sembilan,2013-01-01,53
Negeri Sembilan,2013-02-01,65
Negeri Sembilan,2013-03-01,109
Negeri Sembilan,2013-04-01,62
Negeri Sembilan,2013-05-01,43
Negeri Sembilan,2013-06-01,66
Negeri Sembilan,2013-07-01,45
Negeri Sembilan,2013-08-01,27
Negeri Sembilan,2013-09-01,59
Negeri Sembilan,2013-10-01,71
Negeri Sembilan,2013-11-01,57
Negeri Sembilan,2013-12-01,53
Negeri Sembilan,2014-01-01,102
Negeri Sembilan,2014-02-01,84
Negeri Sembilan,2014-03-01,140
Negeri Sembilan,2014-04-01,101
Negeri Sembilan,2014-05-01,87
Negeri Sembilan,2014-06-01,144
Negeri Sembilan,2014-07-01,88
Negeri Sembilan,2014-08-01,74
Negeri Sembilan,2014-09-01,164
Negeri Sembilan,2014-10-01,736
Negeri Sembilan,2014-11-01,152
Negeri Sembilan,2014-12-01,222
Negeri Sembilan,2015-01-01,102
Negeri Sembilan,2015-02-01,173
Negeri Sembilan,2015-03-01,121
Negeri Sembilan,2015-04-01,188
Negeri Sembilan,2015-05-01,126
Negeri Sembilan,2015-06-01,107
Negeri Sembilan,2015-07-01,119
Negeri Sembilan,2015-08-01,120
Negeri Sembilan,2015-09-01,228
Negeri Sembilan,2015-10-01,781
Negeri Sembilan,2015-11-01,200
Negeri Sembilan,2015-12-01,229
Negeri Sembilan,2016-01-01,238
Negeri Sembilan,2016-02-01,88
Negeri Sembilan,2016-03-01,120
Negeri Sembilan,2016-04-01,108
Negeri Sembilan,2016-05-01,71
Negeri Sembilan,2016-06-01,108
Negeri Sembilan,2016-07-01,38
Negeri Sembilan,2016-08-01,131
Negeri Sembilan,2016-09-01,103
Negeri Sembilan,2016-10-01,392
Negeri Sembilan,2016-11-01,64
Negeri Sembilan,2016-12-01,45
Negeri Sembilan,2017-01-01,62
Negeri Sembilan,2017-02-01,72
Negeri Sembilan,2017-03-01,171
Negeri Sembilan,2017-04-01,90
Negeri Sembilan,2017-05-01,86
Negeri Sembilan,2017-06-01,40
Negeri Sembilan,2017-07-01,75
Negeri Sembilan,2017-08-01,70
Negeri Sembilan,2017-09-01,199
Negeri Sembilan,2017-10-01,514
Negeri Sembilan,2017-11-01,412
Negeri Sembilan,2017-12-01,159
Negeri Sembilan,2018-01-01,79
Negeri Sembilan,2018-02-01,85
Negeri Sembilan,2018-03-01,112
Negeri Sembilan,2018-04-01,116
Negeri Sembilan,2018-05-01,41
Negeri Sembilan,2018-06-01,75
Negeri Sembilan,2018-07-01,54
Negeri Sembilan,2018-08-01,49
Negeri Sembilan,2018-09-01,30
Negeri Sembilan,2018-10-01,158
Negeri Sembilan,2018-11-01,42
Negeri Sembilan,2018-12-01,17
Negeri Sembilan,2019-01-01,57
Negeri Sembilan,2019-02-01,33
Negeri Sembilan,2019-03-01,25
Negeri Sembilan,2019-04-01,37
Negeri Sembilan,2019-05-01,22
Negeri Sembilan,2019-06-01,16
Negeri Sembilan,2019-07-01,23
Negeri Sembilan,2019-08-01,25
Negeri Sembilan,2019-09-01,26
Negeri Sembilan,2019-10-01,30
Negeri Sembilan,2019-11-01,31
Negeri Sembilan,2019-12-01,10
Negeri Sembilan,2020-01-01,25
Negeri Sembilan,2020-02-01,22
Negeri Sembilan,2020-03-01,11
Negeri Sembilan,2020-04-01,3
Negeri Sembilan,2020-05-01,8
Negeri Sembilan,2020-06-01,4
Negeri Sembilan,2020-07-01,4
Negeri Sembilan,2020-08-01,1
Negeri Sembilan,2020-09-01,9
Negeri Sembilan,2020-10-01,73
Negeri Sembilan,2020-11-01,2
Negeri Sembilan,2020-12-01,4
Negeri Sembilan,2021-01-01,8
Negeri Sembilan,2021-02-01,1
Negeri Sembilan,2021-03-01,3
Negeri Sembilan,2021-04-01,3
Negeri Sembilan,2021-05-01,13
Negeri Sembilan,2021-06-01,27
Negeri Sembilan,2021-07-01,8
Negeri Sembilan,2021-08-01,50
Negeri Sembilan,2021-09-01,31
Negeri Sembilan,2021-10-01,40
Negeri Sembilan,2021-11-01,74
Negeri Sembilan,2021-12-01,35
Negeri Sembilan,2022-01-01,58
Negeri Sembilan,2022-02-01,110
Negeri Sembilan,2022-03-01,134
Negeri Sembilan,2022-04-01,63
Negeri Sembilan,2022-05-01,68
Negeri Sembilan,2022-06-01,86
Negeri Sembilan,2022-07-01,59
Negeri Sembilan,2022-08-01,77
Negeri Sembilan,2022-09-01,472
Negeri Sembilan,2022-10-01,532
Negeri Sembilan,2022-11-01,267
Negeri Sembilan,2022-12-01,174
Negeri Sembilan,2023-01-01,184
Negeri Sembilan,2023-02-01,93
Negeri Sembilan,2023-03-01,115
Negeri Sembilan,2023-04-01,144
Negeri Sembilan,2023-05-01,121
Negeri Sembilan,2023-06-01,107
Negeri Sembilan,2023-07-01,57
Negeri Sembilan,2023-08-01,78
Negeri Sembilan,2023-09-01,128
Negeri Sembilan,2023-10-01,99
Negeri Sembilan,2023-11-01,59
Negeri Sembilan,2023-12-01,93
Negeri Sembilan,2024-01-01,54
Negeri Sembilan,2024-02-01,52
Negeri Sembilan,2024-03-01,66
Negeri Sembilan,2024-04-01,49
Negeri Sembilan,2024-05-01,42
Negeri Sembilan,2024-06-01,63
Negeri Sembilan,2024-07-01,62
Negeri Sembilan,2024-08-01,85
Negeri Sembilan,2024-09-01,82
Negeri Sembilan,2024-10-01,15
Pahang,2009-01-01,0
Pahang,2009-02-01,0
Pahang,2009-03-01,0
Pahang,2009-04-01,0
Pahang,2009-05-01,1
Pahang,2009-06-01,0
Pahang,2009-07-01,0
Pahang,2009-08-01,0
Pahang,2009-09-01,1
Pahang,2009-10-01,2
Pahang,2009-11-01,18
Pahang,2009-12-01,34
Pahang,2010-01-01,24
Pahang,2010-02-01,12
Pahang,2010-03-01,62
Pahang,2010-04-01,36
Pahang,2010-05-01,5
Pahang,2010-06-01,3
Pahang,2010-07-01,21
Pahang,2010-08-01,20
Pahang,2010-09-01,20
Pahang,2010-10-01,34
Pahang,2010-11-01,33
Pahang,2010-12-01,74
Pahang,2011-01-01,94
Pahang,2011-02-01,74
Pahang,2011-03-01,118
Pahang,2011-04-01,68
Pahang,2011-05-01,39
Pahang,2011-06-01,103
Pahang,2011-07-01,159
Pahang,2011-08-01,72
Pahang,2011-09-01,65
Pahang,2011-10-01,61
Pahang,2011-11-01,62
Pahang,2011-12-01,34
Pahang,2012-01-01,35
Pahang,2012-02-01,54
Pahang,2012-03-01,55
Pahang,2012-04-01,66
Pahang,2012-05-01,52
Pahang,2012-06-01,78
Pahang,2012-07-01,64
Pahang,2012-08-01,60
Pahang,2012-09-01,59
Pahang,2012-10-01,125
Pahang,2012-11-01,187
Pahang,2012-12-01,70
Pahang,2013-01-01,97
Pahang,2013-02-01,36
Pahang,2013-03-01,33
Pahang,2013-04-01,26
Pahang,2013-05-01,55
Pahang,2013-06-01,96
Pahang,2013-07-01,38
Pahang,2013-08-01,21
Pahang,2013-09-01,38
Pahang,2013-10-01,86
Pahang,2013-11-01,62
Pahang,2013-12-01,32
Pahang,2014-01-01,60
Pahang,2014-02-01,28
Pahang,2014-03-01,84
Pahang,2014-04-01,59
Pahang,2014-05-01,54
Pahang,2014-06-01,107
Pahang,2014-07-01,93
Pahang,2014-08-01,47
Pahang,2014-09-01,80
Pahang,2014-10-01,225
Pahang,2014-11-01,77
Pahang,2014-12-01,182
Pahang,2015-01-01,84
Pahang,2015-02-01,52
Pahang,2015-03-01,73
Pahang,2015-04-01,97
Pahang,2015-05-01,100
Pahang,2015-06-01,91
Pahang,2015-07-01,213
Pahang,2015-08-01,45
Pahang,2015-09-01,119
Pahang,2015-10-01,287
Pahang,2015-11-01,66
Pahang,2015-12-01,100
Pahang,2016-01-01,75
Pahang,2016-02-01,29
Pahang,2016-03-01,217
Pahang,2016-04-01,105
Pahang,2016-05-01,62
Pahang,2016-06-01,82
Pahang,2016-07-01,48
Pahang,2016-08-01,55
Pahang,2016-09-01,63
Pahang,2016-10-01,165
Pahang,2016-11-01,77
Pahang,2016-12-01,43
Pahang,2017-01-01,128
Pahang,2017-02-01,55
Pahang,2017-03-01,93
Pahang,2017-04-01,38
Pahang,2017-05-01,51
Pahang,2017-06-01,272
Pahang,2017-07-01,44
Pahang,2017-08-01,37
Pahang,2017-09-01,77
Pahang,2017-10-01,271
Pahang,2017-11-01,257
Pahang,2017-12-01,204
Pahang,2018-01-01,177
Pahang,2018-02-01,141
Pahang,2018-03-01,194
Pahang,2018-04-01,95
Pahang,2018-05-01,86
Pahang,2018-06-01,59
Pahang,2018-07-01,33
Pahang,2018-08-01,21
Pahang,2018-09-01,13
Pahang,2018-10-01,166
Pahang,2018-11-01,27
Pahang,2018-12-01,8
Pahang,2019-01-01,28
Pahang,2019-02-01,52
Pahang,2019-03-01,35
Pahang,2019-04-01,44
Pahang,2019-05-01,13
Pahang,2019-06-01,14
Pahang,2019-07-01,62
Pahang,2019-08-01,36
Pahang,2019-09-01,11
Pahang,2019-10-01,53
Pahang,2019-11-01,86
Pahang,2019-12-01,55
Pahang,2020-01-01,50
Pahang,2020-02-01,7
Pahang,2020-03-01,4
Pahang,2020-04-01,0
Pahang,2020-05-01,6
Pahang,2020-06-01,2
Pahang,2020-07-01,3
Pahang,2020-08-01,6
Pahang,2020-09-01,7
Pahang,2020-10-01,5
Pahang,2020-11-01,5
Pahang,2020-12-01,8
Pahang,2021-01-01,3
Pahang,2021-02-01,0
Pahang,2021-03-01,2
Pahang,2021-04-01,4
Pahang,2021-05-01,13
Pahang,2021-06-01,16
Pahang,2021-07-01,17
Pahang,2021-08-01,48
Pahang,2021-09-01,40
Pahang,2021-10-01,42
Pahang,2021-11-01,18
Pahang,2021-12-01,49
Pahang,2022-01-01,52
Pahang,2022-02-01,71
Pahang,2022-03-01,99
Pahang,2022-04-01,60
Pahang,2022-05-01,50
Pahang,2022-06-01,76
Pahang,2022-07-01,46
Pahang,2022-08-01,46
Pahang,2022-09-01,217
Pahang,2022-10-01,354
Pahang,2022-11-01,159
Pahang,2022-12-01,119
Pahang,2023-01-01,106
Pahang,2023-02-01,73
Pahang,2023-03-01,83
Pahang,2023-04-01,101
Pahang,2023-05-01,84
Pahang,2023-06-01,53
Pahang,2023-07-01,68
Pahang,2023-08-01,58
Pahang,2023-09-01,63
Pahang,2023-10-01,35
Pahang,2023-11-01,55
Pahang,2023-12-01,97
Pahang,2024-01-01,36
Pahang,2024-02-01,36
Pahang,2024-03-01,46
Pahang,2024-04-01,49
Pahang,2024-05-01,40
Pahang,2024-06-01,40
Pahang,2024-07-01,84
Pahang,2024-08-01,32
Pahang,2024-09-01,18
Pahang,2024-10-01,9
Perak,2009-01-01,0
Perak,2009-02-01,0
Perak,2009-03-01,0
Perak,2009-04-01,0
Perak,2009-05-01,1
Perak,2009-06-01,0
Perak,2009-07-01,0
Perak,2009-08-01,0
Perak,2009-09-01,12
Perak,2009-10-01,5
Perak,2009-11-01,7
Perak,2009-12-01,4
Perak,2010-01-01,24
Perak,2010-02-01,18
Perak,2010-03-01,25
Perak,2010-04-01,6
Perak,2010-05-01,14
Perak,2010-06-01,3
Perak,2010-07-01,21
Perak,2010-08-01,33
Perak,2010-09-01,233
Perak,2010-10-01,54
Perak,2010-11-01,108
Perak,2010-12-01,240
Perak,2011-01-01,227
Perak,2011-02-01,122
Perak,2011-03-01,229
Perak,2011-04-01,115
Perak,2011-05-01,93
Perak,2011-06-01,51
Perak,2011-07-01,165
Perak,2011-08-01,149
Perak,2011-09-01,30
Perak,2011-10-01,130
Perak,2011-11-01,124
Perak,2011-12-01,169
Perak,2012-01-01,112
Perak,2012-02-01,161
Perak,2012-03-01,157
Perak,2012-04-01,97
Perak,2012-05-01,180
Perak,2012-06-01,114
Perak,2012-07-01,136
Perak,2012-08-01,116
Perak,2012-09-01,154
Perak,2012-10-01,266
Perak,2012-11-01,161
Perak,2012-12-01,103
Perak,2013-01-01,167
Perak,2013-02-01,75
Perak,2013-03-01,105
Perak,2013-04-01,55
Perak,2013-05-01,184
Perak,2013-06-01,85
Perak,2013-07-01,68
Perak,2013-08-01,47
Perak,2013-09-01,93
Perak,2013-10-01,116
Perak,2013-11-01,95
Perak,2013-12-01,67
Perak,2014-01-01,412
Perak,2014-02-01,198
Perak,2014-03-01,234
Perak,2014-04-01,279
Perak,2014-05-01,386
Perak,2014-06-01,338
Perak,2014-07-01,389
Perak,2014-08-01,279
Perak,2014-09-01,384
Perak,2014-10-01,572
Perak,2014-11-01,417
Perak,2014-12-01,455
Perak,2015-01-01,343
Perak,2015-02-01,330
Perak,2015-03-01,311
Perak,2015-04-01,410
Perak,2015-05-01,187
Perak,2015-06-01,329
Perak,2015-07-01,198
Perak,2015-08-01,411
Perak,2015-09-01,267
Perak,2015-10-01,538
Perak,2015-11-01,136
Perak,2015-12-01,264
Perak,2016-01-01,211
Perak,2016-02-01,188
Perak,2016-03-01,253
Perak,2016-04-01,188
Perak,2016-05-01,274
Perak,2016-06-01,188
Perak,2016-07-01,196
Perak,2016-08-01,223
Perak,2016-09-01,140
Perak,2016-10-01,512
Perak,2016-11-01,177
Perak,2016-12-01,126
Perak,2017-01-01,233
Perak,2017-02-01,213
Perak,2017-03-01,335
Perak,2017-04-01,224
Perak,2017-05-01,107
Perak,2017-06-01,277
Perak,2017-07-01,127
Perak,2017-08-01,209
Perak,2017-09-01,319
Perak,2017-10-01,517
Perak,2017-11-01,313
Perak,2017-12-01,321
Perak,2018-01-01,204
Perak,2018-02-01,88
Perak,2018-03-01,68
Perak,2018-04-01,77
Perak,2018-05-01,99
Perak,2018-06-01,78
Perak,2018-07-01,67
Perak,2018-08-01,75
Perak,2018-09-01,73
Perak,2018-10-01,282
Perak,2018-11-01,33
Perak,2018-12-01,38
Perak,2019-01-01,184
Perak,2019-02-01,103
Perak,2019-03-01,79
Perak,2019-04-01,92
Perak,2019-05-01,11
Perak,2019-06-01,14
Perak,2019-07-01,13
Perak,2019-08-01,32
Perak,2019-09-01,46
Perak,2019-10-01,72
Perak,2019-11-01,28
Perak,2019-12-01,23
Perak,2020-01-01,22
Perak,2020-02-01,14
Perak,2020-03-01,6
Perak,2020-04-01,0
Perak,2020-05-01,17
Perak,2020-06-01,1
Perak,2020-07-01,12
Perak,2020-08-01,13
Perak,2020-09-01,13
Perak,2020-10-01,8
Perak,2020-11-01,3
Perak,2020-12-01,15
Perak,2021-01-01,4
Perak,2021-02-01,0
Perak,2021-03-01,5
Perak,2021-04-01,6
Perak,2021-05-01,31
Perak,2021-06-01,33
Perak,2021-07-01,29
Perak,2021-08-01,62
Perak,2021-09-01,77
Perak,2021-10-01,63
Perak,2021-11-01,43
Perak,2021-12-01,69
Perak,2022-01-01,916
Perak,2022-02-01,407
Perak,2022-03-01,522
Perak,2022-04-01,116
Perak,2022-05-01,97
Perak,2022-06-01,122
Perak,2022-07-01,94
Perak,2022-08-01,88
Perak,2022-09-01,747
Perak,2022-10-01,817
Perak,2022-11-01,375
Perak,2022-12-01,270
Perak,2023-01-01,280
Perak,2023-02-01,199
Perak,2023-03-01,246
Perak,2023-04-01,259
Perak,2023-05-01,185
Perak,2023-06-01,174
Perak,2023-07-01,128
Perak,2023-08-01,112
Perak,2023-09-01,149
Perak,2023-10-01,135
Perak,2023-11-01,105
Perak,2023-12-01,208
Perak,2024-01-01,99
Perak,2024-02-01,131
Perak,2024-03-01,145
Perak,2024-04-01,89
Perak,2024-05-01,111
Perak,2024-06-01,95
Perak,2024-07-01,108
Perak,2024-08-01,102
Perak,2024-09-01,75
Perak,2024-10-01,11
Perlis,2009-01-01,0
Perlis,2009-02-01,0
Perlis,2009-03-01,0
Perlis,2009-04-01,0
Perlis,2009-05-01,0
Perlis,2009-06-01,0
Perlis,2009-07-01,0
Perlis,2009-08-01,0
Perlis,2009-09-01,0
Perlis,2009-10-01,0
Perlis,2009-11-01,1
Perlis,2009-12-01,1
Perlis,2010-01-01,2
Perlis,2010-02-01,3
Perlis,2010-03-01,1
Perlis,2010-04-01,1
Perlis,2010-05-01,7
Perlis,2010-06-01,1
Perlis,2010-07-01,2
Perlis,2010-08-01,1
Perlis,2010-09-01,0
Perlis,2010-10-01,4
Perlis,2010-11-01,2
Perlis,2010-12-01,4
Perlis,2011-01-01,15
Perlis,2011-02-01,5
Perlis,2011-03-01,23
Perlis,2011-04-01,14
Perlis,2011-05-01,4
Perlis,2011-06-01,4
Perlis,2011-07-01,4
Perlis,2011-08-01,0
Perlis,2011-09-01,2
Perlis,2011-10-01,11
Perlis,2011-11-01,6
Perlis,2011-12-01,1
Perlis,2012-01-01,12
Perlis,2012-02-01,7
Perlis,2012-03-01,33
Perlis,2012-04-01,16
Perlis,2012-05-01,63
Perlis,2012-06-01,13
Perlis,2012-07-01,26
Perlis,2012-08-01,7
Perlis,2012-09-01,27
Perlis,2012-10-01,47
Perlis,2012-11-01,29
Perlis,2012-12-01,24
Perlis,2013-01-01,13
Perlis,2013-02-01,20
Perlis,2013-03-01,11
Perlis,2013-04-01,11
Perlis,2013-05-01,12
Perlis,2013-06-01,18
Perlis,2013-07-01,7
Perlis,2013-08-01,7
Perlis,2013-09-01,12
Perlis,2013-10-01,10
Perlis,2013-11-01,59
Perlis,2013-12-01,7
Perlis,2014-01-01,11
Perlis,2014-02-01,5
Perlis,2014-03-01,54
Perlis,2014-04-01,51
Perlis,2014-05-01,15
Perlis,2014-06-01,23
Perlis,2014-07-01,6
Perlis,2014-08-01,10
Perlis,2014-09-01,31
Perlis,2014-10-01,73
Perlis,2014-11-01,29
Perlis,2014-12-01,10
Perlis,2015-01-01,9
Perlis,2015-02-01,26
Perlis,2015-03-01,21
Perlis,2015-04-01,27
Perlis,2015-05-01,18
Perlis,2015-06-01,30
Perlis,2015-07-01,11
Perlis,2015-08-01,10
Perlis,2015-09-01,14
Perlis,2015-10-01,110
Perlis,2015-11-01,15
Perlis,2015-12-01,24
Perlis,2016-01-01,17
Perlis,2016-02-01,8
Perlis,2016-03-01,7
Perlis,2016-04-01,12
Perlis,2016-05-01,10
Perlis,2016-06-01,3
Perlis,2016-07-01,2
Perlis,2016-08-01,4
Perlis,2016-09-01,3
Perlis,2016-10-01,19
Perlis,2016-11-01,12
Perlis,2016-12-01,5
Perlis,2017-01-01,23
Perlis,2017-02-01,4
Perlis,2017-03-01,16
Perlis,2017-04-01,9
Perlis,2017-05-01,4
Perlis,2017-06-01,4
Perlis,2017-07-01,7
Perlis,2017-08-01,3
Perlis,2017-09-01,6
Perlis,2017-10-01,15
Perlis,2017-11-01,7
Perlis,2017-12-01,8
Perlis,2018-01-01,27
Perlis,2018-02-01,4
Perlis,2018-03-01,14
Perlis,2018-04-01,38
Perlis,2018-05-01,15
Perlis,2018-06-01,12
Perlis,2018-07-01,30
Perlis,2018-08-01,11
Perlis,2018-09-01,2
Perlis,2018-10-01,11
Perlis,2018-11-01,2
Perlis,2018-12-01,1
Perlis,2019-01-01,2
Perlis,2019-02-01,80
Perlis,2019-03-01,22
Perlis,2019-04-01,37
Perlis,2019-05-01,14
Perlis,2019-06-01,28
Perlis,2019-07-01,22
Perlis,2019-08-01,3
Perlis,2019-09-01,15
Perlis,2019-10-01,76
Perlis,2019-11-01,26
Perlis,2019-12-01,1
Perlis,2020-01-01,6
Perlis,2020-02-01,4
Perlis,2020-03-01,0
Perlis,2020-04-01,0
Perlis,2020-05-01,0
Perlis,2020-06-01,0
Perlis,2020-07-01,0
Perlis,2020-08-01,0
Perlis,2020-09-01,3
Perlis,2020-10-01,2
Perlis,2020-11-01,2
Perlis,2020-12-01,0
Perlis,2021-01-01,1
Perlis,2021-02-01,0
Perlis,2021-03-01,0
Perlis,2021-04-01,2
Perlis,2021-05-01,0
Perlis,2021-06-01,1
Perlis,2021-07-01,4
Perlis,2021-08-01,12
Perlis,2021-09-01,9
Perlis,2021-10-01,9
Perlis,2021-11-01,6
Perlis,2021-12-01,11
Perlis,2022-01-01,10
Perlis,2022-02-01,18
Perlis,2022-03-01,83
Perlis,2022-04-01,11
Perlis,2022-05-01,12
Perlis,2022-06-01,19
Perlis,2022-07-01,6
Perlis,2022-08-01,8
Perlis,2022-09-01,351
Perlis,2022-10-01,65
Perlis,2022-11-01,23
Perlis,2022-12-01,20
Perlis,2023-01-01,18
Perlis,2023-02-01,24
Perlis,2023-03-01,12
Perlis,2023-04-01,10
Perlis,2023-05-01,14
Perlis,2023-06-01,12
Perlis,2023-07-01,11
Perlis,2023-08-01,25
Perlis,2023-09-01,12
Perlis,2023-10-01,11
Perlis,2023-11-01,5
Perlis,2023-12-01,18
Perlis,2024-01-01,6
Perlis,2024-02-01,1
Perlis,2024-03-01,6
Perlis,2024-04-01,3
Perlis,2024-05-01,6
Perlis,2024-06-01,8
Perlis,2024-07-01,15
Perlis,2024-08-01,5
Perlis,2024-09-01,5
Perlis,2024-10-01,0
Pulau Pinang,2009-01-01,1
Pulau Pinang,2009-02-01,0
Pulau Pinang,2009-03-01,1
Pulau Pinang,2009-04-01,1
Pulau Pinang,2009-05-01,1
Pulau Pinang,2009-06-01,0
Pulau Pinang,2009-07-01,1
Pulau Pinang,2009-08-01,4
Pulau Pinang,2009-09-01,15
Pulau Pinang,2009-10-01,2
Pulau Pinang,2009-11-01,4
Pulau Pinang,2009-12-01,17
Pulau Pinang,2010-01-01,50
Pulau Pinang,2010-02-01,35
Pulau Pinang,2010-03-01,62
Pulau Pinang,2010-04-01,46
Pulau Pinang,2010-05-01,52
Pulau Pinang,2010-06-01,14
Pulau Pinang,2010-07-01,104
Pulau Pinang,2010-08-01,91
Pulau Pinang,2010-09-01,50
Pulau Pinang,2010-10-01,157
Pulau Pinang,2010-11-01,148
Pulau Pinang,2010-12-01,276
Pulau Pinang,2011-01-01,574
Pulau Pinang,2011-02-01,177
Pulau Pinang,2011-03-01,444
Pulau Pinang,2011-04-01,234
Pulau Pinang,2011-05-01,143
Pulau Pinang,2011-06-01,67
Pulau Pinang,2011-07-01,46
Pulau Pinang,2011-08-01,32
Pulau Pinang,2011-09-01,47
Pulau Pinang,2011-10-01,101
Pulau Pinang,2011-11-01,98
Pulau Pinang,2011-12-01,51
Pulau Pinang,2012-01-01,216
Pulau Pinang,2012-02-01,238
Pulau Pinang,2012-03-01,331
Pulau Pinang,2012-04-01,251
Pulau Pinang,2012-05-01,233
Pulau Pinang,2012-06-01,199
Pulau Pinang,2012-07-01,251
Pulau Pinang,2012-08-01,210
Pulau Pinang,2012-09-01,243
Pulau Pinang,2012-10-01,493
Pulau Pinang,2012-11-01,230
Pulau Pinang,2012-12-01,209
Pulau Pinang,2013-01-01,157
Pulau Pinang,2013-02-01,142
Pulau Pinang,2013-03-01,347
Pulau Pinang,2013-04-01,240
Pulau Pinang,2013-05-01,214
Pulau Pinang,2013-06-01,274
Pulau Pinang,2013-07-01,301
Pulau Pinang,2013-08-01,117
Pulau Pinang,2013-09-01,215
Pulau Pinang,2013-10-01,318
Pulau Pinang,2013-11-01,220
Pulau Pinang,2013-12-01,160
Pulau Pinang,2014-01-01,212
Pulau Pinang,2014-02-01,327
Pulau Pinang,2014-03-01,432
Pulau Pinang,2014-04-01,294
Pulau Pinang,2014-05-01,285
Pulau Pinang,2014-06-01,348
Pulau Pinang,2014-07-01,362
Pulau Pinang,2014-08-01,339
Pulau Pinang,2014-09-01,294
Pulau Pinang,2014-10-01,429
Pulau Pinang,2014-11-01,351
Pulau Pinang,2014-12-01,171
Pulau Pinang,2015-01-01,230
Pulau Pinang,2015-02-01,215
Pulau Pinang,2015-03-01,376
Pulau Pinang,2015-04-01,247
Pulau Pinang,2015-05-01,183
Pulau Pinang,2015-06-01,266
Pulau Pinang,2015-07-01,291
Pulau Pinang,2015-08-01,319
Pulau Pinang,2015-09-01,201
Pulau Pinang,2015-10-01,670
Pulau Pinang,2015-11-01,254
Pulau Pinang,2015-12-01,343
Pulau Pinang,2016-01-01,212
Pulau Pinang,2016-02-01,132
Pulau Pinang,2016-03-01,158
Pulau Pinang,2016-04-01,220
Pulau Pinang,2016-05-01,194
Pulau Pinang,2016-06-01,231
Pulau Pinang,2016-07-01,135
Pulau Pinang,2016-08-01,105
Pulau Pinang,2016-09-01,66
Pulau Pinang,2016-10-01,266
Pulau Pinang,2016-11-01,89
Pulau Pinang,2016-12-01,85
Pulau Pinang,2017-01-01,183
Pulau Pinang,2017-02-01,96
Pulau Pinang,2017-03-01,125
Pulau Pinang,2017-04-01,147
Pulau Pinang,2017-05-01,124
Pulau Pinang,2017-06-01,134
Pulau Pinang,2017-07-01,93
Pulau Pinang,2017-08-01,182
Pulau Pinang,2017-09-01,131
Pulau Pinang,2017-10-01,412
Pulau Pinang,2017-11-01,123
Pulau Pinang,2017-12-01,81
Pulau Pinang,2018-01-01,214
Pulau Pinang,2018-02-01,61
Pulau Pinang,2018-03-01,70
Pulau Pinang,2018-04-01,80
Pulau Pinang,2018-05-01,124
Pulau Pinang,2018-06-01,59
Pulau Pinang,2018-07-01,76
Pulau Pinang,2018-08-01,64
Pulau Pinang,2018-09-01,49
Pulau Pinang,2018-10-01,193
Pulau Pinang,2018-11-01,95
Pulau Pinang,2018-12-01,28
Pulau Pinang,2019-01-01,145
Pulau Pinang,2019-02-01,218
Pulau Pinang,2019-03-01,166
Pulau Pinang,2019-04-01,177
Pulau Pinang,2019-05-01,13
Pulau Pinang,2019-06-01,235
Pulau Pinang,2019-07-01,44
Pulau Pinang,2019-08-01,27
Pulau Pinang,2019-09-01,60
Pulau Pinang,2019-10-01,158
Pulau Pinang,2019-11-01,73
Pulau Pinang,2019-12-01,82
Pulau Pinang,2020-01-01,43
Pulau Pinang,2020-02-01,117
Pulau Pinang,2020-03-01,4
Pulau Pinang,2020-04-01,0
Pulau Pinang,2020-05-01,14
Pulau Pinang,2020-06-01,9
Pulau Pinang,2020-07-01,10
Pulau Pinang,2020-08-01,4
Pulau Pinang,2020-09-01,22
Pulau Pinang,2020-10-01,11
Pulau Pinang,2020-11-01,7
Pulau Pinang,2020-12-01,8
Pulau Pinang,2021-01-01,15
Pulau Pinang,2021-02-01,2
Pulau Pinang,2021-03-01,8
Pulau Pinang,2021-04-01,4
Pulau Pinang,2021-05-01,61
Pulau Pinang,2021-06-01,49
Pulau Pinang,2021-07-01,34
Pulau Pinang,2021-08-01,65
Pulau Pinang,2021-09-01,65
Pulau Pinang,2021-10-01,66
Pulau Pinang,2021-11-01,49
Pulau Pinang,2021-12-01,56
Pulau Pinang,2022-01-01,108
Pulau Pinang,2022-02-01,118
Pulau Pinang,2022-03-01,236
Pulau Pinang,2022-04-01,110
Pulau Pinang,2022-05-01,76
Pulau Pinang,2022-06-01,95
Pulau Pinang,2022-07-01,71
Pulau Pinang,2022-08-01,94
Pulau Pinang,2022-09-01,715
Pulau Pinang,2022-10-01,879
Pulau Pinang,2022-11-01,418
Pulau Pinang,2022-12-01,275
Pulau Pinang,2023-01-01,244
Pulau Pinang,2023-02-01,138
Pulau Pinang,2023-03-01,172
Pulau Pinang,2023-04-01,247
Pulau Pinang,2023-05-01,182
Pulau Pinang,2023-06-01,163
Pulau Pinang,2023-07-01,121
Pulau Pinang,2023-08-01,124
Pulau Pinang,2023-09-01,124
Pulau Pinang,2023-10-01,116
Pulau Pinang,2023-11-01,80
Pulau Pinang,2023-12-01,170
Pulau Pinang,2024-01-01,100
Pulau Pinang,2024-02-01,60
Pulau Pinang,2024-03-01,92
Pulau Pinang,2024-04-01,82
Pulau Pinang,2024-05-01,85
Pulau Pinang,2024-06-01,84
Pulau Pinang,2024-07-01,82
Pulau Pinang,2024-08-01,96
Pulau Pinang,2024-09-01,56
Pulau Pinang,2024-10-01,15
Sabah,2009-01-01,0
Sabah,2009-02-01,0
Sabah,2009-03-01,0
Sabah,2009-04-01,0
Sabah,2009-05-01,0
Sabah,2009-06-01,0
Sabah,2009-07-01,0
Sabah,2009-08-01,3
Sabah,2009-09-01,1
Sabah,2009-10-01,3
Sabah,2009-11-01,4
Sabah,2009-12-01,1
Sabah,2010-01-01,24
Sabah,2010-02-01,18
Sabah,2010-03-01,39
Sabah,2010-04-01,6
Sabah,2010-05-01,8
Sabah,2010-06-01,1
Sabah,2010-07-01,37
Sabah,2010-08-01,14
Sabah,2010-09-01,2
Sabah,2010-10-01,23
Sabah,2010-11-01,31
Sabah,2010-12-01,25
Sabah,2011-01-01,44
Sabah,2011-02-01,19
Sabah,2011-03-01,120
Sabah,2011-04-01,49
Sabah,2011-05-01,12
Sabah,2011-06-01,18
Sabah,2011-07-01,21
Sabah,2011-08-01,18
Sabah,2011-09-01,19
Sabah,2011-10-01,39
Sabah,2011-11-01,37
Sabah,2011-12-01,24
Sabah,2012-01-01,24
Sabah,2012-02-01,55
Sabah,2012-03-01,68
Sabah,2012-04-01,39
Sabah,2012-05-01,27
Sabah,2012-06-01,27
Sabah,2012-07-01,379
Sabah,2012-08-01,33
Sabah,2012-09-01,227
Sabah,2012-10-01,138
Sabah,2012-11-01,94
Sabah,2012-12-01,111
Sabah,2013-01-01,29
Sabah,2013-02-01,43
Sabah,2013-03-01,53
Sabah,2013-04-01,42
Sabah,2013-05-01,21
Sabah,2013-06-01,112
Sabah,2013-07-01,93
Sabah,2013-08-01,81
Sabah,2013-09-01,79
Sabah,2013-10-01,281
Sabah,2013-11-01,92
Sabah,2013-12-01,282
Sabah,2014-01-01,28
Sabah,2014-02-01,67
Sabah,2014-03-01,56
Sabah,2014-04-01,91
Sabah,2014-05-01,89
Sabah,2014-06-01,83
Sabah,2014-07-01,154
Sabah,2014-08-01,401
Sabah,2014-09-01,102
Sabah,2014-10-01,467
Sabah,2014-11-01,229
Sabah,2014-12-01,591
Sabah,2015-01-01,195
Sabah,2015-02-01,178
Sabah,2015-03-01,344
Sabah,2015-04-01,313
Sabah,2015-05-01,106
Sabah,2015-06-01,171
Sabah,2015-07-01,103
Sabah,2015-08-01,171
Sabah,2015-09-01,166
Sabah,2015-10-01,823
Sabah,2015-11-01,155
Sabah,2015-12-01,146
Sabah,2016-01-01,72
Sabah,2016-02-01,167
Sabah,2016-03-01,237
Sabah,2016-04-01,270
Sabah,2016-05-01,232
Sabah,2016-06-01,225
Sabah,2016-07-01,77
Sabah,2016-08-01,163
Sabah,2016-09-01,163
Sabah,2016-10-01,1030
Sabah,2016-11-01,208
Sabah,2016-12-01,96
Sabah,2017-01-01,68
Sabah,2017-02-01,135
Sabah,2017-03-01,143
Sabah,2017-04-01,124
Sabah,2017-05-01,181
Sabah,2017-06-01,79
Sabah,2017-07-01,109
Sabah,2017-08-01,167
Sabah,2017-09-01,120
Sabah,2017-10-01,354
Sabah,2017-11-01,475
Sabah,2017-12-01,117
Sabah,2018-01-01,102
Sabah,2018-02-01,140
Sabah,2018-03-01,127
Sabah,2018-04-01,281
Sabah,2018-05-01,87
Sabah,2018-06-01,57
Sabah,2018-07-01,276
Sabah,2018-08-01,200
Sabah,2018-09-01,148
Sabah,2018-10-01,684
Sabah,2018-11-01,192
Sabah,2018-12-01,14
Sabah,2019-01-01,21
Sabah,2019-02-01,17
Sabah,2019-03-01,20
Sabah,2019-04-01,30
Sabah,2019-05-01,9
Sabah,2019-06-01,10
Sabah,2019-07-01,16
Sabah,2019-08-01,9
Sabah,2019-09-01,17
Sabah,2019-10-01,10
Sabah,2019-11-01,6
Sabah,2019-12-01,3
Sabah,2020-01-01,10
Sabah,2020-02-01,22
Sabah,2020-03-01,6
Sabah,2020-04-01,30
Sabah,2020-05-01,22
Sabah,2020-06-01,2
Sabah,2020-07-01,23
Sabah,2020-08-01,15
Sabah,2020-09-01,11
Sabah,2020-10-01,8
Sabah,2020-11-01,4
Sabah,2020-12-01,2
Sabah,2021-01-01,2
Sabah,2021-02-01,0
Sabah,2021-03-01,2
Sabah,2021-04-01,16
Sabah,2021-05-01,14
Sabah,2021-06-01,9
Sabah,2021-07-01,14
Sabah,2021-08-01,28
Sabah,2021-09-01,38
Sabah,2021-10-01,76
Sabah,2021-11-01,37
Sabah,2021-12-01,32
Sabah,2022-01-01,31
Sabah,2022-02-01,128
Sabah,2022-03-01,112
Sabah,2022-04-01,52
Sabah,2022-05-01,287
Sabah,2022-06-01,55
Sabah,2022-07-01,44
Sabah,2022-08-01,314
Sabah,2022-09-01,373
Sabah,2022-10-01,451
Sabah,2022-11-01,257
Sabah,2022-12-01,137
Sabah,2023-01-01,254
Sabah,2023-02-01,153
Sabah,2023-03-01,127
Sabah,2023-04-01,109
Sabah,2023-05-01,112
Sabah,2023-06-01,119
Sabah,2023-07-01,87
Sabah,2023-08-01,105
Sabah,2023-09-01,116
Sabah,2023-10-01,126
Sabah,2023-11-01,75
Sabah,2023-12-01,146
Sabah,2024-01-01,81
Sabah,2024-02-01,70
Sabah,2024-03-01,51
Sabah,2024-04-01,35
Sabah,2024-05-01,67
Sabah,2024-06-01,49
Sabah,2024-07-01,60
Sabah,2024-08-01,111
Sabah,2024-09-01,33
Sabah,2024-10-01,10
Sarawak,2009-01-01,1
Sarawak,2009-02-01,0
Sarawak,2009-03-01,1
Sarawak,2009-04-01,1
Sarawak,2009-05-01,0
Sarawak,2009-06-01,0
Sarawak,2009-07-01,3
Sarawak,2009-08-01,11
Sarawak,2009-09-01,5
Sarawak,2009-10-01,25
Sarawak,2009-11-01,64
Sarawak,2009-12-01,6
Sarawak,2010-01-01,70
Sarawak,2010-02-01,16
Sarawak,2010-03-01,36
Sarawak,2010-04-01,14
Sarawak,2010-05-01,12
Sarawak,2010-06-01,2
Sarawak,2010-07-01,31
Sarawak,2010-08-01,12
Sarawak,2010-09-01,44
Sarawak,2010-10-01,110
Sarawak,2010-11-01,82
Sarawak,2010-12-01,39
Sarawak,2011-01-01,288
Sarawak,2011-02-01,39
Sarawak,2011-03-01,238
Sarawak,2011-04-01,64
Sarawak,2011-05-01,81
Sarawak,2011-06-01,60
Sarawak,2011-07-01,63
Sarawak,2011-08-01,33
Sarawak,2011-09-01,49
Sarawak,2011-10-01,116
Sarawak,2011-11-01,81
Sarawak,2011-12-01,23
Sarawak,2012-01-01,19
Sarawak,2012-02-01,44
Sarawak,2012-03-01,72
Sarawak,2012-04-01,58
Sarawak,2012-05-01,78
Sarawak,2012-06-01,56
Sarawak,2012-07-01,92
Sarawak,2012-08-01,37
Sarawak,2012-09-01,76
Sarawak,2012-10-01,118
Sarawak,2012-11-01,46
Sarawak,2012-12-01,57
Sarawak,2013-01-01,23
Sarawak,2013-02-01,25
Sarawak,2013-03-01,52
Sarawak,2013-04-01,88
Sarawak,2013-05-01,71
Sarawak,2013-06-01,38
Sarawak,2013-07-01,59
Sarawak,2013-08-01,73
Sarawak,2013-09-01,91
Sarawak,2013-10-01,108
Sarawak,2013-11-01,75
Sarawak,2013-12-01,28
Sarawak,2014-01-01,24
Sarawak,2014-02-01,24
Sarawak,2014-03-01,30
Sarawak,2014-04-01,38
Sarawak,2014-05-01,71
Sarawak,2014-06-01,53
Sarawak,2014-07-01,50
Sarawak,2014-08-01,67
Sarawak,2014-09-01,46
Sarawak,2014-10-01,243
Sarawak,2014-11-01,79
Sarawak,2014-12-01,75
Sarawak,2015-01-01,52
Sarawak,2015-02-01,65
Sarawak,2015-03-01,69
Sarawak,2015-04-01,147
Sarawak,2015-05-01,90
Sarawak,2015-06-01,83
Sarawak,2015-07-01,65
Sarawak,2015-08-01,71
Sarawak,2015-09-01,105
Sarawak,2015-10-01,237
Sarawak,2015-11-01,537
Sarawak,2015-12-01,209
Sarawak,2016-01-01,147
Sarawak,2016-02-01,142
Sarawak,2016-03-01,209
Sarawak,2016-04-01,137
Sarawak,2016-05-01,60
Sarawak,2016-06-01,137
Sarawak,2016-07-01,52
Sarawak,2016-08-01,215
Sarawak,2016-09-01,76
Sarawak,2016-10-01,462
Sarawak,2016-11-01,111
Sarawak,2016-12-01,52
Sarawak,2017-01-01,45
Sarawak,2017-02-01,68
Sarawak,2017-03-01,46
Sarawak,2017-04-01,43
Sarawak,2017-05-01,54
Sarawak,2017-06-01,23
Sarawak,2017-07-01,43
Sarawak,2017-08-01,38
Sarawak,2017-09-01,100
Sarawak,2017-10-01,345
Sarawak,2017-11-01,130
Sarawak,2017-12-01,40
Sarawak,2018-01-01,41
Sarawak,2018-02-01,27
Sarawak,2018-03-01,69
Sarawak,2018-04-01,72
Sarawak,2018-05-01,73
Sarawak,2018-06-01,21
Sarawak,2018-07-01,28
Sarawak,2018-08-01,32
Sarawak,2018-09-01,9
Sarawak,2018-10-01,50
Sarawak,2018-11-01,36
Sarawak,2018-12-01,3
Sarawak,2019-01-01,48
Sarawak,2019-02-01,117
Sarawak,2019-03-01,56
Sarawak,2019-04-01,139
Sarawak,2019-05-01,52
Sarawak,2019-06-01,52
Sarawak,2019-07-01,177
Sarawak,2019-08-01,110
Sarawak,2019-09-01,21
Sarawak,2019-10-01,19
Sarawak,2019-11-01,77
Sarawak,2019-12-01,7
Sarawak,2020-01-01,9
Sarawak,2020-02-01,20
Sarawak,2020-03-01,3
Sarawak,2020-04-01,0
Sarawak,2020-05-01,11
Sarawak,2020-06-01,1
Sarawak,2020-07-01,3
Sarawak,2020-08-01,5
Sarawak,2020-09-01,8
Sarawak,2020-10-01,6
Sarawak,2020-11-01,5
Sarawak,2020-12-01,8
Sarawak,2021-01-01,2
Sarawak,2021-02-01,0
Sarawak,2021-03-01,7
Sarawak,2021-04-01,6
Sarawak,2021-05-01,14
Sarawak,2021-06-01,29
Sarawak,2021-07-01,20
Sarawak,2021-08-01,44
Sarawak,2021-09-01,43
Sarawak,2021-10-01,39
Sarawak,2021-11-01,30
Sarawak,2021-12-01,35
Sarawak,2022-01-01,29
Sarawak,2022-02-01,71
Sarawak,2022-03-01,122
Sarawak,2022-04-01,52
Sarawak,2022-05-01,48
Sarawak,2022-06-01,83
Sarawak,2022-07-01,106
Sarawak,2022-08-01,154
Sarawak,2022-09-01,360
Sarawak,2022-10-01,600
Sarawak,2022-11-01,237
Sarawak,2022-12-01,190
Sarawak,2023-01-01,202
Sarawak,2023-02-01,114
Sarawak,2023-03-01,117
Sarawak,2023-04-01,150
Sarawak,2023-05-01,140
Sarawak,2023-06-01,125
Sarawak,2023-07-01,83
Sarawak,2023-08-01,101
Sarawak,2023-09-01,122
Sarawak,2023-10-01,111
Sarawak,2023-11-01,71
Sarawak,2023-12-01,144
Sarawak,2024-01-01,94
Sarawak,2024-02-01,78
Sarawak,2024-03-01,78
Sarawak,2024-04-01,69
Sarawak,2024-05-01,100
Sarawak,2024-06-01,86
Sarawak,2024-07-01,80
Sarawak,2024-08-01,91
Sarawak,2024-09-01,85
Sarawak,2024-10-01,29
Selangor,2009-01-01,1
Selangor,2009-02-01,8
Selangor,2009-03-01,0
Selangor,2009-04-01,0
Selangor,2009-05-01,0
Selangor,2009-06-01,2
Selangor,2009-07-01,1
Selangor,2009-08-01,4
Selangor,2009-09-01,1
Selangor,2009-10-01,107
Selangor,2009-11-01,13
Selangor,2009-12-01,28
Selangor,2010-01-01,254
Selangor,2010-02-01,129
Selangor,2010-03-01,198
Selangor,2010-04-01,146
Selangor,2010-05-01,146
Selangor,2010-06-01,42
Selangor,2010-07-01,240
Selangor,2010-08-01,297
Selangor,2010-09-01,321
Selangor,2010-10-01,514
Selangor,2010-11-01,379
Selangor,2010-12-01,523
Selangor,2011-01-01,906
Selangor,2011-02-01,731
Selangor,2011-03-01,1109
Selangor,2011-04-01,847
Selangor,2011-05-01,488
Selangor,2011-06-01,344
Selangor,2011-07-01,415
Selangor,2011-08-01,404
Selangor,2011-09-01,290
Selangor,2011-10-01,581
Selangor,2011-11-01,478
Selangor,2011-12-01,297
Selangor,2012-01-01,244
Selangor,2012-02-01,489
Selangor,2012-03-01,738
Selangor,2012-04-01,546
Selangor,2012-05-01,564
Selangor,2012-06-01,318
Selangor,2012-07-01,456
Selangor,2012-08-01,388
Selangor,2012-09-01,593
Selangor,2012-10-01,1064
Selangor,2012-11-01,764
Selangor,2012-12-01,538
Selangor,2013-01-01,509
Selangor,2013-02-01,539
Selangor,2013-03-01,559
Selangor,2013-04-01,482
Selangor,2013-05-01,607
Selangor,2013-06-01,817
Selangor,2013-07-01,553
Selangor,2013-08-01,256
Selangor,2013-09-01,510
Selangor,2013-10-01,549
Selangor,2013-11-01,597
Selangor,2013-12-01,454
Selangor,2014-01-01,565
Selangor,2014-02-01,426
Selangor,2014-03-01,628
Selangor,2014-04-01,543
Selangor,2014-05-01,734
Selangor,2014-06-01,926
Selangor,2014-07-01,430
Selangor,2014-08-01,519
Selangor,2014-09-01,936
Selangor,2014-10-01,1824
Selangor,2014-11-01,818
Selangor,2014-12-01,713
Selangor,2015-01-01,618
Selangor,2015-02-01,611
Selangor,2015-03-01,581
Selangor,2015-04-01,820
Selangor,2015-05-01,695
Selangor,2015-06-01,648
Selangor,2015-07-01,531
Selangor,2015-08-01,750
Selangor,2015-09-01,658
Selangor,2015-10-01,2531
Selangor,2015-11-01,955
Selangor,2015-12-01,680
Selangor,2016-01-01,756
Selangor,2016-02-01,470
Selangor,2016-03-01,632
Selangor,2016-04-01,645
Selangor,2016-05-01,774
Selangor,2016-06-01,450
Selangor,2016-07-01,364
Selangor,2016-08-01,643
Selangor,2016-09-01,559
Selangor,2016-10-01,1861
Selangor,2016-11-01,467
Selangor,2016-12-01,378
Selangor,2017-01-01,412
Selangor,2017-02-01,549
Selangor,2017-03-01,576
Selangor,2017-04-01,302
Selangor,2017-05-01,610
Selangor,2017-06-01,281
Selangor,2017-07-01,430
Selangor,2017-08-01,500
Selangor,2017-09-01,722
Selangor,2017-10-01,958
Selangor,2017-11-01,764
Selangor,2017-12-01,469
Selangor,2018-01-01,646
Selangor,2018-02-01,349
Selangor,2018-03-01,393
Selangor,2018-04-01,523
Selangor,2018-05-01,469
Selangor,2018-06-01,250
Selangor,2018-07-01,385
Selangor,2018-08-01,366
Selangor,2018-09-01,322
Selangor,2018-10-01,879
Selangor,2018-11-01,240
Selangor,2018-12-01,74
Selangor,2019-01-01,419
Selangor,2019-02-01,368
Selangor,2019-03-01,228
Selangor,2019-04-01,322
Selangor,2019-05-01,246
Selangor,2019-06-01,199
Selangor,2019-07-01,188
Selangor,2019-08-01,240
Selangor,2019-09-01,302
Selangor,2019-10-01,601
Selangor,2019-11-01,371
Selangor,2019-12-01,141
Selangor,2020-01-01,119
Selangor,2020-02-01,103
Selangor,2020-03-01,54
Selangor,2020-04-01,14
Selangor,2020-05-01,66
Selangor,2020-06-01,25
Selangor,2020-07-01,37
Selangor,2020-08-01,73
Selangor,2020-09-01,79
Selangor,2020-10-01,50
Selangor,2020-11-01,50
Selangor,2020-12-01,69
Selangor,2021-01-01,40
Selangor,2021-02-01,13
Selangor,2021-03-01,45
Selangor,2021-04-01,57
Selangor,2021-05-01,148
Selangor,2021-06-01,163
Selangor,2021-07-01,118
Selangor,2021-08-01,296
Selangor,2021-09-01,282
Selangor,2021-10-01,322
Selangor,2021-11-01,202
Selangor,2021-12-01,242
Selangor,2022-01-01,541
Selangor,2022-02-01,645
Selangor,2022-03-01,870
Selangor,2022-04-01,531
Selangor,2022-05-01,420
Selangor,2022-06-01,651
Selangor,2022-07-01,679
Selangor,2022-08-01,535
Selangor,2022-09-01,3975
Selangor,2022-10-01,4096
Selangor,2022-11-01,1923
Selangor,2022-12-01,1131
Selangor,2023-01-01,1255
Selangor,2023-02-01,723
Selangor,2023-03-01,721
Selangor,2023-04-01,1196
Selangor,2023-05-01,688
Selangor,2023-06-01,623
Selangor,2023-07-01,454
Selangor,2023-08-01,434
Selangor,2023-09-01,642
Selangor,2023-10-01,459
Selangor,2023-11-01,367
Selangor,2023-12-01,680
Selangor,2024-01-01,395
Selangor,2024-02-01,323
Selangor,2024-03-01,350
Selangor,2024-04-01,296
Selangor,2024-05-01,372
Selangor,2024-06-01,303
Selangor,2024-07-01,287
Selangor,2024-08-01,430
Selangor,2024-09-01,268
Selangor,2024-10-01,64
Terengganu,2009-01-01,0
Terengganu,2009-02-01,0
Terengganu,2009-03-01,0
Terengganu,2009-04-01,0
Terengganu,2009-05-01,0
Terengganu,2009-06-01,0
Terengganu,2009-07-01,0
Terengganu,2009-08-01,0
Terengganu,2009-09-01,0
Terengganu,2009-10-01,0
Terengganu,2009-11-01,6
Terengganu,2009-12-01,3
Terengganu,2010-01-01,8
Terengganu,2010-02-01,8
Terengganu,2010-03-01,4
Terengganu,2010-04-01,1
Terengganu,2010-05-01,0
Terengganu,2010-06-01,0
Terengganu,2010-07-01,2
Terengganu,2010-08-01,25
Terengganu,2010-09-01,3
Terengganu,2010-10-01,11
Terengganu,2010-11-01,6
Terengganu,2010-12-01,7
Terengganu,2011-01-01,24
Terengganu,2011-02-01,85
Terengganu,2011-03-01,54
Terengganu,2011-04-01,69
Terengganu,2011-05-01,56
Terengganu,2011-06-01,39
Terengganu,2011-07-01,28
Terengganu,2011-08-01,3
Terengganu,2011-09-01,28
Terengganu,2011-10-01,169
Terengganu,2011-11-01,26
Terengganu,2011-12-01,9
Terengganu,2012-01-01,16
Terengganu,2012-02-01,7
Terengganu,2012-03-01,31
Terengganu,2012-04-01,60
Terengganu,2012-05-01,24
Terengganu,2012-06-01,13
Terengganu,2012-07-01,47
Terengganu,2012-08-01,11
Terengganu,2012-09-01,49
Terengganu,2012-10-01,52
Terengganu,2012-11-01,60
Terengganu,2012-12-01,47
Terengganu,2013-01-01,28
Terengganu,2013-02-01,83
Terengganu,2013-03-01,62
Terengganu,2013-04-01,28
Terengganu,2013-05-01,39
Terengganu,2013-06-01,131
Terengganu,2013-07-01,18
Terengganu,2013-08-01,38
Terengganu,2013-09-01,72
Terengganu,2013-10-01,72
Terengganu,2013-11-01,96
Terengganu,2013-12-01,34
Terengganu,2014-01-01,33
Terengganu,2014-02-01,81
Terengganu,2014-03-01,126
Terengganu,2014-04-01,222
Terengganu,2014-05-01,27
Terengganu,2014-06-01,83
Terengganu,2014-07-01,20
Terengganu,2014-08-01,16
Terengganu,2014-09-01,128
Terengganu,2014-10-01,821
Terengganu,2014-11-01,48
Terengganu,2014-12-01,27
Terengganu,2015-01-01,38
Terengganu,2015-02-01,50
Terengganu,2015-03-01,123
Terengganu,2015-04-01,208
Terengganu,2015-05-01,285
Terengganu,2015-06-01,99
Terengganu,2015-07-01,36
Terengganu,2015-08-01,84
Terengganu,2015-09-01,192
Terengganu,2015-10-01,1542
Terengganu,2015-11-01,97
Terengganu,2015-12-01,120
Terengganu,2016-01-01,69
Terengganu,2016-02-01,23
Terengganu,2016-03-01,177
Terengganu,2016-04-01,55
Terengganu,2016-05-01,42
Terengganu,2016-06-01,10
Terengganu,2016-07-01,29
Terengganu,2016-08-01,73
Terengganu,2016-09-01,230
Terengganu,2016-10-01,1147
Terengganu,2016-11-01,95
Terengganu,2016-12-01,35
Terengganu,2017-01-01,21
Terengganu,2017-02-01,24
Terengganu,2017-03-01,18
Terengganu,2017-04-01,11
Terengganu,2017-05-01,16
Terengganu,2017-06-01,23
Terengganu,2017-07-01,42
Terengganu,2017-08-01,17
Terengganu,2017-09-01,48
Terengganu,2017-10-01,195
Terengganu,2017-11-01,92
Terengganu,2017-12-01,28
Terengganu,2018-01-01,41
Terengganu,2018-02-01,15
Terengganu,2018-03-01,45
Terengganu,2018-04-01,27
Terengganu,2018-05-01,17
Terengganu,2018-06-01,23
Terengganu,2018-07-01,12
Terengganu,2018-08-01,10
Terengganu,2018-09-01,3
Terengganu,2018-10-01,31
Terengganu,2018-11-01,12
Terengganu,2018-12-01,3
Terengganu,2019-01-01,95
Terengganu,2019-02-01,75
Terengganu,2019-03-01,147
Terengganu,2019-04-01,197
Terengganu,2019-05-01,56
Terengganu,2019-06-01,1
Terengganu,2019-07-01,26
Terengganu,2019-08-01,33
Terengganu,2019-09-01,18
Terengganu,2019-10-01,47
Terengganu,2019-11-01,95
Terengganu,2019-12-01,5
Terengganu,2020-01-01,12
Terengganu,2020-02-01,4
Terengganu,2020-03-01,4
Terengganu,2020-04-01,0
Terengganu,2020-05-01,2
Terengganu,2020-06-01,2
Terengganu,2020-07-01,1
Terengganu,2020-08-01,1
Terengganu,2020-09-01,5
Terengganu,2020-10-01,0
Terengganu,2020-11-01,0
Terengganu,2020-12-01,0
Terengganu,2021-01-01,7
Terengganu,2021-02-01,0
Terengganu,2021-03-01,2
Terengganu,2021-04-01,2
Terengganu,2021-05-01,0
Terengganu,2021-06-01,2
Terengganu,2021-07-01,5
Terengganu,2021-08-01,27
Terengganu,2021-09-01,27
Terengganu,2021-10-01,27
Terengganu,2021-11-01,15
Terengganu,2021-12-01,17
Terengganu,2022-01-01,25
Terengganu,2022-02-01,39
Terengganu,2022-03-01,50
Terengganu,2022-04-01,18
Terengganu,2022-05-01,36
Terengganu,2022-06-01,102
Terengganu,2022-07-01,14
Terengganu,2022-08-01,56
Terengganu,2022-09-01,205
Terengganu,2022-10-01,216
Terengganu,2022-11-01,92
Terengganu,2022-12-01,82
Terengganu,2023-01-01,65
Terengganu,2023-02-01,44
Terengganu,2023-03-01,55
Terengganu,2023-04-01,39
Terengganu,2023-05-01,51
Terengganu,2023-06-01,41
Terengganu,2023-07-01,61
Terengganu,2023-08-01,43
Terengganu,2023-09-01,48
Terengganu,2023-10-01,61
Terengganu,2023-11-01,24
Terengganu,2023-12-01,69
Terengganu,2024-01-01,31
Terengganu,2024-02-01,14
Terengganu,2024-03-01,13
Terengganu,2024-04-01,11
Terengganu,2024-05-01,22
Terengganu,2024-06-01,24
Terengganu,2024-07-01,52
Terengganu,2024-08-01,37
Terengganu,2024-09-01,17
Terengganu,2024-10-01,5
W.P. Kuala Lumpur,2009-01-01,0
W.P. Kuala Lumpur,2009-02-01,1
W.P. Kuala Lumpur,2009-03-01,0
W.P. Kuala Lumpur,2009-04-01,0
W.P. Kuala Lumpur,2009-05-01,2
W.P. Kuala Lumpur,2009-06-01,0
W.P. Kuala Lumpur,2009-07-01,0
W.P. Kuala Lumpur,2009-08-01,2
W.P. Kuala Lumpur,2009-09-01,5
W.P. Kuala Lumpur,2009-10-01,11
W.P. Kuala Lumpur,2009-11-01,26
W.P. Kuala Lumpur,2009-12-01,36
W.P. Kuala Lumpur,2010-01-01,188
W.P. Kuala Lumpur,2010-02-01,141
W.P. Kuala Lumpur,2010-03-01,139
W.P. Kuala Lumpur,2010-04-01,104
W.P. Kuala Lumpur,2010-05-01,102
W.P. Kuala Lumpur,2010-06-01,31
W.P. Kuala Lumpur,2010-07-01,154
W.P. Kuala Lumpur,2010-08-01,212
W.P. Kuala Lumpur,2010-09-01,197
W.P. Kuala Lumpur,2010-10-01,368
W.P. Kuala Lumpur,2010-11-01,281
W.P. Kuala Lumpur,2010-12-01,368
W.P. Kuala Lumpur,2011-01-01,655
W.P. Kuala Lumpur,2011-02-01,483
W.P. Kuala Lumpur,2011-03-01,875
W.P. Kuala Lumpur,2011-04-01,604
W.P. Kuala Lumpur,2011-05-01,379
W.P. Kuala Lumpur,2011-06-01,263
W.P. Kuala Lumpur,2011-07-01,299
W.P. Kuala Lumpur,2011-08-01,288
W.P. Kuala Lumpur,2011-09-01,156
W.P. Kuala Lumpur,2011-10-01,335
W.P. Kuala Lumpur,2011-11-01,307
W.P. Kuala Lumpur,2011-12-01,194
W.P. Kuala Lumpur,2012-01-01,185
W.P. Kuala Lumpur,2012-02-01,326
W.P. Kuala Lumpur,2012-03-01,579
W.P. Kuala Lumpur,2012-04-01,343
W.P. Kuala Lumpur,2012-05-01,399
W.P. Kuala Lumpur,2012-06-01,266
W.P. Kuala Lumpur,2012-07-01,332
W.P. Kuala Lumpur,2012-08-01,317
W.P. Kuala Lumpur,2012-09-01,404
W.P. Kuala Lumpur,2012-10-01,650
W.P. Kuala Lumpur,2012-11-01,547
W.P. Kuala Lumpur,2012-12-01,439
W.P. Kuala Lumpur,2013-01-01,327
W.P. Kuala Lumpur,2013-02-01,344
W.P. Kuala Lumpur,2013-03-01,443
W.P. Kuala Lumpur,2013-04-01,400
W.P. Kuala Lumpur,2013-05-01,417
W.P. Kuala Lumpur,2013-06-01,653
W.P. Kuala Lumpur,2013-07-01,420
W.P. Kuala Lumpur,2013-08-01,203
W.P. Kuala Lumpur,2013-09-01,360
W.P. Kuala Lumpur,2013-10-01,375
W.P. Kuala Lumpur,2013-11-01,313
W.P. Kuala Lumpur,2013-12-01,261
W.P. Kuala Lumpur,2014-01-01,383
W.P. Kuala Lumpur,2014-02-01,247
W.P. Kuala Lumpur,2014-03-01,319
W.P. Kuala Lumpur,2014-04-01,406
W.P. Kuala Lumpur,2014-05-01,437
W.P. Kuala Lumpur,2014-06-01,607
W.P. Kuala Lumpur,2014-07-01,302
W.P. Kuala Lumpur,2014-08-01,387
W.P. Kuala Lumpur,2014-09-01,479
W.P. Kuala Lumpur,2014-10-01,844
W.P. Kuala Lumpur,2014-11-01,467
W.P. Kuala Lumpur,2014-12-01,429
W.P. Kuala Lumpur,2015-01-01,376
W.P. Kuala Lumpur,2015-02-01,519
W.P. Kuala Lumpur,2015-03-01,474
W.P. Kuala Lumpur,2015-04-01,572
W.P. Kuala Lumpur,2015-05-01,406
W.P. Kuala Lumpur,2015-06-01,494
W.P. Kuala Lumpur,2015-07-01,401
W.P. Kuala Lumpur,2015-08-01,407
W.P. Kuala Lumpur,2015-09-01,406
W.P. Kuala Lumpur,2015-10-01,1002
W.P. Kuala Lumpur,2015-11-01,448
W.P. Kuala Lumpur,2015-12-01,421
W.P. Kuala Lumpur,2016-01-01,408
W.P. Kuala Lumpur,2016-02-01,232
W.P. Kuala Lumpur,2016-03-01,343
W.P. Kuala Lumpur,2016-04-01,362
W.P. Kuala Lumpur,2016-05-01,401
W.P. Kuala Lumpur,2016-06-01,267
W.P. Kuala Lumpur,2016-07-01,218
W.P. Kuala Lumpur,2016-08-01,414
W.P. Kuala Lumpur,2016-09-01,309
W.P. Kuala Lumpur,2016-10-01,849
W.P. Kuala Lumpur,2016-11-01,338
W.P. Kuala Lumpur,2016-12-01,228
W.P. Kuala Lumpur,2017-01-01,208
W.P. Kuala Lumpur,2017-02-01,351
W.P. Kuala Lumpur,2017-03-01,313
W.P. Kuala Lumpur,2017-04-01,174
W.P. Kuala Lumpur,2017-05-01,312
W.P. Kuala Lumpur,2017-06-01,211
W.P. Kuala Lumpur,2017-07-01,255
W.P. Kuala Lumpur,2017-08-01,296
W.P. Kuala Lumpur,2017-09-01,427
W.P. Kuala Lumpur,2017-10-01,531
W.P. Kuala Lumpur,2017-11-01,444
W.P. Kuala Lumpur,2017-12-01,291
W.P. Kuala Lumpur,2018-01-01,387
W.P. Kuala Lumpur,2018-02-01,156
W.P. Kuala Lumpur,2018-03-01,244
W.P. Kuala Lumpur,2018-04-01,315
W.P. Kuala Lumpur,2018-05-01,256
W.P. Kuala Lumpur,2018-06-01,187
W.P. Kuala Lumpur,2018-07-01,250
W.P. Kuala Lumpur,2018-08-01,202
W.P. Kuala Lumpur,2018-09-01,225
W.P. Kuala Lumpur,2018-10-01,534
W.P. Kuala Lumpur,2018-11-01,161
W.P. Kuala Lumpur,2018-12-01,46
W.P. Kuala Lumpur,2019-01-01,193
W.P. Kuala Lumpur,2019-02-01,160
W.P. Kuala Lumpur,2019-03-01,173
W.P. Kuala Lumpur,2019-04-01,248
W.P. Kuala Lumpur,2019-05-01,149
W.P. Kuala Lumpur,2019-06-01,158
W.P. Kuala Lumpur,2019-07-01,107
W.P. Kuala Lumpur,2019-08-01,188
W.P. Kuala Lumpur,2019-09-01,191
W.P. Kuala Lumpur,2019-10-01,288
W.P. Kuala Lumpur,2019-11-01,145
W.P. Kuala Lumpur,2019-12-01,84
W.P. Kuala Lumpur,2020-01-01,64
W.P. Kuala Lumpur,2020-02-01,72
W.P. Kuala Lumpur,2020-03-01,30
W.P. Kuala Lumpur,2020-04-01,4
W.P. Kuala Lumpur,2020-05-01,46
W.P. Kuala Lumpur,2020-06-01,23
W.P. Kuala Lumpur,2020-07-01,29
W.P. Kuala Lumpur,2020-08-01,26
W.P. Kuala Lumpur,2020-09-01,44
W.P. Kuala Lumpur,2020-10-01,49
W.P. Kuala Lumpur,2020-11-01,20
W.P. Kuala Lumpur,2020-12-01,33
W.P. Kuala Lumpur,2021-01-01,16
W.P. Kuala Lumpur,2021-02-01,7
W.P. Kuala Lumpur,2021-03-01,23
W.P. Kuala Lumpur,2021-04-01,12
W.P. Kuala Lumpur,2021-05-01,103
W.P. Kuala Lumpur,2021-06-01,95
W.P. Kuala Lumpur,2021-07-01,98
W.P. Kuala Lumpur,2021-08-01,176
W.P. Kuala Lumpur,2021-09-01,168
W.P. Kuala Lumpur,2021-10-01,181
W.P. Kuala Lumpur,2021-11-01,138
W.P. Kuala Lumpur,2021-12-01,130
W.P. Kuala Lumpur,2022-01-01,255
W.P. Kuala Lumpur,2022-02-01,329
W.P. Kuala Lumpur,2022-03-01,446
W.P. Kuala Lumpur,2022-04-01,365
W.P. Kuala Lumpur,2022-05-01,185
W.P. Kuala Lumpur,2022-06-01,287
W.P. Kuala Lumpur,2022-07-01,285
W.P. Kuala Lumpur,2022-08-01,294
W.P. Kuala Lumpur,2022-09-01,1532
W.P. Kuala Lumpur,2022-10-01,1582
W.P. Kuala Lumpur,2022-11-01,708
W.P. Kuala Lumpur,2022-12-01,419
W.P. Kuala Lumpur,2023-01-01,420
W.P. Kuala Lumpur,2023-02-01,284
W.P. Kuala Lumpur,2023-03-01,272
W.P. Kuala Lumpur,2023-04-01,494
W.P. Kuala Lumpur,2023-05-01,269
W.P. Kuala Lumpur,2023-06-01,246
W.P. Kuala Lumpur,2023-07-01,160
W.P. Kuala Lumpur,2023-08-01,184
W.P. Kuala Lumpur,2023-09-01,213
W.P. Kuala Lumpur,2023-10-01,152
W.P. Kuala Lumpur,2023-11-01,168
W.P. Kuala Lumpur,2023-12-01,299
W.P. Kuala Lumpur,2024-01-01,126
W.P. Kuala Lumpur,2024-02-01,102
W.P. Kuala Lumpur,2024-03-01,147
W.P. Kuala Lumpur,2024-04-01,112
W.P. Kuala Lumpur,2024-05-01,131
W.P. Kuala Lumpur,2024-06-01,130
W.P. Kuala Lumpur,2024-07-01,126
W.P. Kuala Lumpur,2024-08-01,121
W.P. Kuala Lumpur,2024-09-01,82
W.P. Kuala Lumpur,2024-10-01,28
W.P. Labuan,2009-01-01,0
W.P. Labuan,2009-02-01,0
W.P. Labuan,2009-03-01,0
W.P. Labuan,2009-04-01,0
W.P. Labuan,2009-05-01,0
W.P. Labuan,2009-06-01,0
W.P. Labuan,2009-07-01,0
W.P. Labuan,2009-08-01,0
W.P. Labuan,2009-09-01,0
W.P. Labuan,2009-10-01,0
W.P. Labuan,2009-11-01,1
W.P. Labuan,2009-12-01,0
W.P. Labuan,2010-01-01,1
W.P. Labuan,2010-02-01,1
W.P. Labuan,2010-03-01,0
W.P. Labuan,2010-04-01,0
W.P. Labuan,2010-05-01,0
W.P. Labuan,2010-06-01,0
W.P. Labuan,2010-07-01,2
W.P. Labuan,2010-08-01,0
W.P. Labuan,2010-09-01,0
W.P. Labuan,2010-10-01,0
W.P. Labuan,2010-11-01,3
W.P. Labuan,2010-12-01,0
W.P. Labuan,2011-01-01,3
W.P. Labuan,2011-02-01,0
W.P. Labuan,2011-03-01,2
W.P. Labuan,2011-04-01,3
W.P. Labuan,2011-05-01,6
W.P. Labuan,2011-06-01,1
W.P. Labuan,2011-07-01,2
W.P. Labuan,2011-08-01,1
W.P. Labuan,2011-09-01,11
W.P. Labuan,2011-10-01,15
W.P. Labuan,2011-11-01,18
W.P. Labuan,2011-12-01,3
W.P. Labuan,2012-01-01,2
W.P. Labuan,2012-02-01,2
W.P. Labuan,2012-03-01,6
W.P. Labuan,2012-04-01,6
W.P. Labuan,2012-05-01,9
W.P. Labuan,2012-06-01,1
W.P. Labuan,2012-07-01,8
W.P. Labuan,2012-08-01,0
W.P. Labuan,2012-09-01,5
W.P. Labuan,2012-10-01,3
W.P. Labuan,2012-11-01,7
W.P. Labuan,2012-12-01,13
W.P. Labuan,2013-01-01,3
W.P. Labuan,2013-02-01,3
W.P. Labuan,2013-03-01,2
W.P. Labuan,2013-04-01,2
W.P. Labuan,2013-05-01,1
W.P. Labuan,2013-06-01,6
W.P. Labuan,2013-07-01,7
W.P. Labuan,2013-08-01,1
W.P. Labuan,2013-09-01,3
W.P. Labuan,2013-10-01,6
W.P. Labuan,2013-11-01,1
W.P. Labuan,2013-12-01,5
W.P. Labuan,2014-01-01,1
W.P. Labuan,2014-02-01,2
W.P. Labuan,2014-03-01,1
W.P. Labuan,2014-04-01,1
W.P. Labuan,2014-05-01,9
W.P. Labuan,2014-06-01,1
W.P. Labuan,2014-07-01,7
W.P. Labuan,2014-08-01,17
W.P. Labuan,2014-09-01,3
W.P. Labuan,2014-10-01,13
W.P. Labuan,2014-11-01,14
W.P. Labuan,2014-12-01,26
W.P. Labuan,2015-01-01,15
W.P. Labuan,2015-02-01,7
W.P. Labuan,2015-03-01,10
W.P. Labuan,2015-04-01,26
W.P. Labuan,2015-05-01,6
W.P. Labuan,2015-06-01,6
W.P. Labuan,2015-07-01,6
W.P. Labuan,2015-08-01,13
W.P. Labuan,2015-09-01,1
W.P. Labuan,2015-10-01,40
W.P. Labuan,2015-11-01,6
W.P. Labuan,2015-12-01,49
W.P. Labuan,2016-01-01,13
W.P. Labuan,2016-02-01,1
W.P. Labuan,2016-03-01,6
W.P. Labuan,2016-04-01,19
W.P. Labuan,2016-05-01,5
W.P. Labuan,2016-06-01,3
W.P. Labuan,2016-07-01,3
W.P. Labuan,2016-08-01,1
W.P. Labuan,2016-09-01,15
W.P. Labuan,2016-10-01,111
W.P. Labuan,2016-11-01,71
W.P. Labuan,2016-12-01,0
W.P. Labuan,2017-01-01,1
W.P. Labuan,2017-02-01,3
W.P. Labuan,2017-03-01,1
W.P. Labuan,2017-04-01,59
W.P. Labuan,2017-05-01,6
W.P. Labuan,2017-06-01,2
W.P. Labuan,2017-07-01,2
W.P. Labuan,2017-08-01,11
W.P. Labuan,2017-09-01,4
W.P. Labuan,2017-10-01,39
W.P. Labuan,2017-11-01,68
W.P. Labuan,2017-12-01,5
W.P. Labuan,2018-01-01,2
W.P. Labuan,2018-02-01,1
W.P. Labuan,2018-03-01,5
W.P. Labuan,2018-04-01,3
W.P. Labuan,2018-05-01,5
W.P. Labuan,2018-06-01,0
W.P. Labuan,2018-07-01,6
W.P. Labuan,2018-08-01,10
W.P. Labuan,2018-09-01,5
W.P. Labuan,2018-10-01,14
W.P. Labuan,2018-11-01,3
W.P. Labuan,2018-12-01,0
W.P. Labuan,2019-01-01,5
W.P. Labuan,2019-02-01,0
W.P. Labuan,2019-03-01,0
W.P. Labuan,2019-04-01,2
W.P. Labuan,2019-05-01,2
W.P. Labuan,2019-06-01,0
W.P. Labuan,2019-07-01,3
W.P. Labuan,2019-08-01,0
W.P. Labuan,2019-09-01,0
W.P. Labuan,2019-10-01,1
W.P. Labuan,2019-11-01,0
W.P. Labuan,2019-12-01,0
W.P. Labuan,2020-01-01,2
W.P. Labuan,2020-02-01,1
W.P. Labuan,2020-03-01,0
W.P. Labuan,2020-04-01,0
W.P. Labuan,2020-05-01,2
W.P. Labuan,2020-06-01,0
W.P. Labuan,2020-07-01,1
W.P. Labuan,2020-08-01,0
W.P. Labuan,2020-09-01,0
W.P. Labuan,2020-10-01,0
W.P. Labuan,2020-11-01,0
W.P. Labuan,2020-12-01,0
W.P. Labuan,2021-01-01,0
W.P. Labuan,2021-02-01,1
W.P. Labuan,2021-03-01,0
W.P. Labuan,2021-04-01,0
W.P. Labuan,2021-05-01,0
W.P. Labuan,2021-06-01,0
W.P. Labuan,2021-07-01,0
W.P. Labuan,2021-08-01,2
W.P. Labuan,2021-09-01,4
W.P. Labuan,2021-10-01,1
W.P. Labuan,2021-11-01,1
W.P. Labuan,2021-12-01,1
W.P. Labuan,2022-01-01,2
W.P. Labuan,2022-02-01,8
W.P. Labuan,2022-03-01,8
W.P. Labuan,2022-04-01,4
W.P. Labuan,2022-05-01,7
W.P. Labuan,2022-06-01,4
W.P. Labuan,2022-07-01,3
W.P. Labuan,2022-08-01,4
W.P. Labuan,2022-09-01,15
W.P. Labuan,2022-10-01,34
W.P. Labuan,2022-11-01,9
W.P. Labuan,2022-12-01,5
W.P. Labuan,2023-01-01,14
W.P. Labuan,2023-02-01,6
W.P. Labuan,2023-03-01,4
W.P. Labuan,2023-04-01,4
W.P. Labuan,2023-05-01,15
W.P. Labuan,2023-06-01,7
W.P. Labuan,2023-07-01,5
W.P. Labuan,2023-08-01,3
W.P. Labuan,2023-09-01,18
W.P. Labuan,2023-10-01,14
W.P. Labuan,2023-11-01,4
W.P. Labuan,2023-12-01,8
W.P. Labuan,2024-01-01,1
W.P. Labuan,2024-02-01,9
W.P. Labuan,2024-03-01,2
W.P. Labuan,2024-04-01,0
W.P. Labuan,2024-05-01,20
W.P. Labuan,2024-06-01,1
W.P. Labuan,2024-07-01,0
W.P. Labuan,2024-08-01,15
W.P. Labuan,2024-09-01,2
W.P. Labuan,2024-10-01,0
W.P. Putrajaya,2009-01-01,0
W.P. Putrajaya,2009-02-01,0
W.P. Putrajaya,2009-03-01,0
W.P. Putrajaya,2009-04-01,0
W.P. Putrajaya,2009-05-01,0
W.P. Putrajaya,2009-06-01,0
W.P. Putrajaya,2009-07-01,0
W.P. Putrajaya,2009-08-01,0
W.P. Putrajaya,2009-09-01,0
W.P. Putrajaya,2009-10-01,0
W.P. Putrajaya,2009-11-01,0
W.P. Putrajaya,2009-12-01,3
W.P. Putrajaya,2010-01-01,7
W.P. Putrajaya,2010-02-01,3
W.P. Putrajaya,2010-03-01,9
W.P. Putrajaya,2010-04-01,3
W.P. Putrajaya,2010-05-01,2
W.P. Putrajaya,2010-06-01,0
W.P. Putrajaya,2010-07-01,6
W.P. Putrajaya,2010-08-01,9
W.P. Putrajaya,2010-09-01,11
W.P. Putrajaya,2010-10-01,13
W.P. Putrajaya,2010-11-01,10
W.P. Putrajaya,2010-12-01,16
W.P. Putrajaya,2011-01-01,23
W.P. Putrajaya,2011-02-01,28
W.P. Putrajaya,2011-03-01,20
W.P. Putrajaya,2011-04-01,19
W.P. Putrajaya,2011-05-01,16
W.P. Putrajaya,2011-06-01,13
W.P. Putrajaya,2011-07-01,15
W.P. Putrajaya,2011-08-01,8
W.P. Putrajaya,2011-09-01,16
W.P. Putrajaya,2011-10-01,48
W.P. Putrajaya,2011-11-01,11
W.P. Putrajaya,2011-12-01,17
W.P. Putrajaya,2012-01-01,5
W.P. Putrajaya,2012-02-01,7
W.P. Putrajaya,2012-03-01,29
W.P. Putrajaya,2012-04-01,9
W.P. Putrajaya,2012-05-01,17
W.P. Putrajaya,2012-06-01,10
W.P. Putrajaya,2012-07-01,7
W.P. Putrajaya,2012-08-01,11
W.P. Putrajaya,2012-09-01,34
W.P. Putrajaya,2012-10-01,45
W.P. Putrajaya,2012-11-01,19
W.P. Putrajaya,2012-12-01,19
W.P. Putrajaya,2013-01-01,13
W.P. Putrajaya,2013-02-01,9
W.P. Putrajaya,2013-03-01,11
W.P. Putrajaya,2013-04-01,29
W.P. Putrajaya,2013-05-01,15
W.P. Putrajaya,2013-06-01,17
W.P. Putrajaya,2013-07-01,21
W.P. Putrajaya,2013-08-01,11
W.P. Putrajaya,2013-09-01,12
W.P. Putrajaya,2013-10-01,30
W.P. Putrajaya,2013-11-01,18
W.P. Putrajaya,2013-12-01,10
W.P. Putrajaya,2014-01-01,12
W.P. Putrajaya,2014-02-01,13
W.P. Putrajaya,2014-03-01,15
W.P. Putrajaya,2014-04-01,20
W.P. Putrajaya,2014-05-01,18
W.P. Putrajaya,2014-06-01,20
W.P. Putrajaya,2014-07-01,14
W.P. Putrajaya,2014-08-01,21
W.P. Putrajaya,2014-09-01,17
W.P. Putrajaya,2014-10-01,144
W.P. Putrajaya,2014-11-01,26
W.P. Putrajaya,2014-12-01,17
W.P. Putrajaya,2015-01-01,22
W.P. Putrajaya,2015-02-01,29
W.P. Putrajaya,2015-03-01,39
W.P. Putrajaya,2015-04-01,77
W.P. Putrajaya,2015-05-01,50
W.P. Putrajaya,2015-06-01,25
W.P. Putrajaya,2015-07-01,29
W.P. Putrajaya,2015-08-01,22
W.P. Putrajaya,2015-09-01,26
W.P. Putrajaya,2015-10-01,175
W.P. Putrajaya,2015-11-01,50
W.P. Putrajaya,2015-12-01,35
W.P. Putrajaya,2016-01-01,26
W.P. Putrajaya,2016-02-01,24
W.P. Putrajaya,2016-03-01,20
W.P. Putrajaya,2016-04-01,28
W.P. Putrajaya,2016-05-01,14
W.P. Putrajaya,2016-06-01,9
W.P. Putrajaya,2016-07-01,5
W.P. Putrajaya,2016-08-01,13
W.P. Putrajaya,2016-09-01,38
W.P. Putrajaya,2016-10-01,72
W.P. Putrajaya,2016-11-01,17
W.P. Putrajaya,2016-12-01,13
W.P. Putrajaya,2017-01-01,14
W.P. Putrajaya,2017-02-01,13
W.P. Putrajaya,2017-03-01,17
W.P. Putrajaya,2017-04-01,12
W.P. Putrajaya,2017-05-01,14
W.P. Putrajaya,2017-06-01,10
W.P. Putrajaya,2017-07-01,14
W.P. Putrajaya,2017-08-01,14
W.P. Putrajaya,2017-09-01,24
W.P. Putrajaya,2017-10-01,43
W.P. Putrajaya,2017-11-01,23
W.P. Putrajaya,2017-12-01,8
W.P. Putrajaya,2018-01-01,19
W.P. Putrajaya,2018-02-01,9
W.P. Putrajaya,2018-03-01,13
W.P. Putrajaya,2018-04-01,24
W.P. Putrajaya,2018-05-01,4
W.P. Putrajaya,2018-06-01,11
W.P. Putrajaya,2018-07-01,8
W.P. Putrajaya,2018-08-01,8
W.P. Putrajaya,2018-09-01,7
W.P. Putrajaya,2018-10-01,20
W.P. Putrajaya,2018-11-01,2
W.P. Putrajaya,2018-12-01,1
W.P. Putrajaya,2019-01-01,2
W.P. Putrajaya,2019-02-01,6
W.P. Putrajaya,2019-03-01,5
W.P. Putrajaya,2019-04-01,7
W.P. Putrajaya,2019-05-01,4
W.P. Putrajaya,2019-06-01,4
W.P. Putrajaya,2019-07-01,4
W.P. Putrajaya,2019-08-01,3
W.P. Putrajaya,2019-09-01,9
W.P. Putrajaya,2019-10-01,10
W.P. Putrajaya,2019-11-01,6
W.P. Putrajaya,2019-12-01,4
W.P. Putrajaya,2020-01-01,2
W.P. Putrajaya,2020-02-01,2
W.P. Putrajaya,2020-03-01,0
W.P. Putrajaya,2020-04-01,0
W.P. Putrajaya,2020-05-01,0
W.P. Putrajaya,2020-06-01,1
W.P. Putrajaya,2020-07-01,3
W.P. Putrajaya,2020-08-01,0
W.P. Putrajaya,2020-09-01,4
W.P. Putrajaya,2020-10-01,0
W.P. Putrajaya,2020-11-01,1
W.P. Putrajaya,2020-12-01,0
W.P. Putrajaya,2021-01-01,1
W.P. Putrajaya,2021-02-01,0
W.P. Putrajaya,2021-03-01,0
W.P. Putrajaya,2021-04-01,1
W.P. Putrajaya,2021-05-01,2
W.P. Putrajaya,2021-06-01,1
W.P. Putrajaya,2021-07-01,4
W.P. Putrajaya,2021-08-01,3
W.P. Putrajaya,2021-09-01,7
W.P. Putrajaya,2021-10-01,2
W.P. Putrajaya,2021-11-01,4
W.P. Putrajaya,2021-12-01,10
W.P. Putrajaya,2022-01-01,15
W.P. Putrajaya,2022-02-01,21
W.P. Putrajaya,2022-03-01,34
W.P. Putrajaya,2022-04-01,25
W.P. Putrajaya,2022-05-01,10
W.P. Putrajaya,2022-06-01,12
W.P. Putrajaya,2022-07-01,11
W.P. Putrajaya,2022-08-01,17
W.P. Putrajaya,2022-09-01,72
W.P. Putrajaya,2022-10-01,89
W.P. Putrajaya,2022-11-01,37
W.P. Putrajaya,2022-12-01,18
W.P. Putrajaya,2023-01-01,24
W.P. Putrajaya,2023-02-01,8
W.P. Putrajaya,2023-03-01,12
W.P. Putrajaya,2023-04-01,21
W.P. Putrajaya,2023-05-01,15
W.P. Putrajaya,2023-06-01,4
W.P. Putrajaya,2023-07-01,8
W.P. Putrajaya,2023-08-01,7
W.P. Putrajaya,2023-09-01,41
W.P. Putrajaya,2023-10-01,10
W.P. Putrajaya,2023-11-01,4
W.P. Putrajaya,2023-12-01,14
W.P. Putrajaya,2024-01-01,8
W.P. Putrajaya,2024-02-01,8
W.P. Putrajaya,2024-03-01,5
W.P. Putrajaya,2024-04-01,5
W.P. Putrajaya,2024-05-01,7
W.P. Putrajaya,2024-06-01,5
W.P. Putrajaya,2024-07-01,5
W.P. Putrajaya,2024-08-01,9
W.P. Putrajaya,2024-09-01,4
W.P. Putrajaya,2024-10-01,2
